run,type,module,name,attrname,attrvalue,vectime,vecvalue
General-0-20250602-09:10:17-4372,runattr,,,configname,General,,
General-0-20250602-09:10:17-4372,runattr,,,datetime,20250602-09:10:17,,
General-0-20250602-09:10:17-4372,runattr,,,datetimef,20250602-091017,,
General-0-20250602-09:10:17-4372,runattr,,,experiment,General,,
General-0-20250602-09:10:17-4372,runattr,,,inifile,omnetpp.ini,,
General-0-20250602-09:10:17-4372,runattr,,,iterationvars,,,
General-0-20250602-09:10:17-4372,runattr,,,iterationvarsd,,,
General-0-20250602-09:10:17-4372,runattr,,,iterationvarsf,,,
General-0-20250602-09:10:17-4372,runattr,,,measurement,,,
General-0-20250602-09:10:17-4372,runattr,,,network,Network,,
General-0-20250602-09:10:17-4372,runattr,,,processid,4372,,
General-0-20250602-09:10:17-4372,runattr,,,repetition,0,,
General-0-20250602-09:10:17-4372,runattr,,,replication,#0,,
General-0-20250602-09:10:17-4372,runattr,,,resultdir,results,,
General-0-20250602-09:10:17-4372,runattr,,,runnumber,0,,
General-0-20250602-09:10:17-4372,runattr,,,seedset,0,,
General-0-20250602-09:10:17-4372,config,,,network,Network,,
General-0-20250602-09:10:17-4372,config,,,sim-time-limit,200s,,
General-0-20250602-09:10:17-4372,config,,,Network.node[0].app.interArrivalTime,exponential(7),,
General-0-20250602-09:10:17-4372,config,,,Network.node[0].app.packetByteSize,125000,,
General-0-20250602-09:10:17-4372,config,,,Network.node[0].app.destination,5,,
General-0-20250602-09:10:17-4372,config,,,Network.node[1].app.interArrivalTime,exponential(7),,
General-0-20250602-09:10:17-4372,config,,,Network.node[1].app.packetByteSize,125000,,
General-0-20250602-09:10:17-4372,config,,,Network.node[1].app.destination,5,,
General-0-20250602-09:10:17-4372,config,,,Network.node[2].app.interArrivalTime,exponential(7),,
General-0-20250602-09:10:17-4372,config,,,Network.node[2].app.packetByteSize,125000,,
General-0-20250602-09:10:17-4372,config,,,Network.node[2].app.destination,5,,
General-0-20250602-09:10:17-4372,config,,,Network.node[3].app.interArrivalTime,exponential(7),,
General-0-20250602-09:10:17-4372,config,,,Network.node[3].app.packetByteSize,125000,,
General-0-20250602-09:10:17-4372,config,,,Network.node[3].app.destination,5,,
General-0-20250602-09:10:17-4372,config,,,Network.node[4].app.interArrivalTime,exponential(7),,
General-0-20250602-09:10:17-4372,config,,,Network.node[4].app.packetByteSize,125000,,
General-0-20250602-09:10:17-4372,config,,,Network.node[4].app.destination,5,,
General-0-20250602-09:10:17-4372,config,,,Network.node[6].app.interArrivalTime,exponential(7),,
General-0-20250602-09:10:17-4372,config,,,Network.node[6].app.packetByteSize,125000,,
General-0-20250602-09:10:17-4372,config,,,Network.node[6].app.destination,5,,
General-0-20250602-09:10:17-4372,config,,,Network.node[7].app.interArrivalTime,exponential(7),,
General-0-20250602-09:10:17-4372,config,,,Network.node[7].app.packetByteSize,125000,,
General-0-20250602-09:10:17-4372,config,,,Network.node[7].app.destination,5,,
General-0-20250602-09:10:17-4372,vector,Network.node[7].app,SendedPackets,,,"2.472113973963 18.036784928217 36.22456352916 47.522578053408 53.628826418703 58.793617460994 63.057194423276 69.786860996736 77.802833679636 85.495220952493 87.148667895072 89.801401645051 92.55318954618 123.734667469412 136.473399904403 141.461485057736 150.871201962802 159.039316648642 164.891999372434 169.870734932954 175.876004420474 176.865319415399 184.157783994655 186.310408060992 191.943989859602 194.147041485584 196.529468653231 198.531615460787","1 1 1 1 1 1 1 1 1 1 1 1 1 1 1 1 1 1 1 1 1 1 1 1 1 1 1 1"
General-0-20250602-09:10:17-4372,vector,Network.node[7].lnk[0],Buffer Size,,,"2.472113973963 2.472113973963 14.064640143037 14.064640143037 18.036784928217 18.036784928217 22.537147321493 22.537147321493 23.537147321493 23.537147321493 26.207032542754 26.207032542754 27.207032542754 27.207032542754 30.202875805204 30.202875805204 31.991943786152 31.991943786152 36.22456352916 36.22456352916 38.446404427518 38.446404427518 40.743365615666 40.743365615666 42.938368636265 42.938368636265 46.820963482617 46.820963482617 47.820963482617 47.820963482617 48.820963482617 48.820963482617 56.134168626367 56.134168626367 57.134168626367 57.134168626367 58.134168626367 58.134168626367 58.793617460994 59.134168626367 59.134168626367 60.134168626367 60.351919844358 61.134168626367 61.351919844358 62.134168626367 63.057194423276 63.05759889573 63.134168626367 64.05759889573 64.134168626367 65.134168626367 65.952381129704 66.134168626367 67.291997604298 67.291997604298 68.291997604298 68.291997604298 71.132373999384 71.132373999384 73.475382675992 73.475382675992 74.475382675992 74.475382675992 75.475382675992 75.475382675992 76.475382675992 76.475382675992 77.475382675992 77.475382675992 77.802833679636 78.475382675992 78.475382675992 79.475382675992 79.505117638723 80.475382675992 80.505117638723 81.475382675992 81.505117638723 82.475382675992 83.689351133312 83.689351133312 85.495220952493 85.495220952493 87.148667895072 87.148667895072 91.089758757616 91.089758757616 92.089758757616 92.089758757616 92.55318954618 93.089758757616 94.553287124769 94.553287124769 97.374527807816 97.374527807816 99.014638439245 99.014638439245 100.014638439245 100.014638439245 101.014638439245 101.014638439245 102.014638439245 102.014638439245 103.014638439245 103.014638439245 105.173349043596 105.173349043596 107.027070045865 107.027070045865 111.276760018976 111.276760018976 112.580845862676 112.580845862676 113.580845862676 113.580845862676 114.580845862676 114.580845862676 115.580845862676 115.580845862676 116.580845862676 116.580845862676 117.580845862676 117.580845862676 118.580845862676 118.580845862676 119.580845862676 119.580845862676 121.14217031987 121.14217031987 122.14217031987 122.14217031987 123.14217031987 123.14217031987 123.734667469412 124.14217031987 125.894432199603 125.894432199603 130.578195953439 130.578195953439 131.578195953439 131.578195953439 133.198939840474 133.198939840474 134.198939840474 134.198939840474 136.473399904403 136.473399904403 136.499956430657 137.473399904403 140.926312605428 140.926312605428 147.425662083738 147.425662083738 150.871201962802 150.871201962802 153.107163753331 153.107163753331 154.107163753331 154.107163753331 156.300557987013 156.300557987013 159.039316648642 159.039316648642 159.774032175479 160.039316648642 164.100226700454 164.100226700454 164.891999372434 165.100226700454 166.244886093101 166.244886093101 168.403789973786 168.403789973786 170.203208811883 170.203208811883 175.177179805937 175.177179805937 175.876004420474 176.177179805937 176.177179805937 176.865319415399 177.177179805937 177.862101304627 178.177179805937 178.862101304627 179.177179805937 180.177179805937 184.157783994655 184.157783994655 186.942447028767 186.942447028767 189.610898711778 189.610898711778 190.610898711778 190.610898711778 191.610898711778 191.610898711778 192.610898711778 192.610898711778 193.610898711778 193.610898711778 194.147041485584 194.610898711778 194.610898711778 195.610898711778 196.529468653231 196.610898711778","1 0 1 0 1 0 1 0 1 0 1 0 1 0 1 0 1 0 1 0 1 0 1 0 1 0 1 0 1 0 1 0 1 0 1 0 1 0 1 0 1 0 1 0 1 0 1 2 1 2 1 0 1 0 1 0 1 0 1 0 1 0 1 0 1 0 1 0 1 0 1 0 1 0 1 0 1 0 1 0 1 0 1 0 1 0 1 0 1 0 1 0 1 0 1 0 1 0 1 0 1 0 1 0 1 0 1 0 1 0 1 0 1 0 1 0 1 0 1 0 1 0 1 0 1 0 1 0 1 0 1 0 1 0 1 0 1 0 1 0 1 0 1 0 1 0 1 0 1 0 1 0 1 0 1 0 1 0 1 0 1 0 1 0 1 0 1 0 1 0 1 0 1 0 1 0 1 0 1 0 1 2 1 2 1 2 1 0 1 0 1 0 1 0 1 0 1 0 1 0 1 0 1 0 1 0 1 0"
General-0-20250602-09:10:17-4372,vector,Network.node[6].app,SendedPackets,,,"3.395897146052 3.804589829704 27.008975789202 28.067591764857 42.34979157045 47.494542518779 54.644565639223 58.393525680818 67.740556973185 87.885962122129 94.438393040529 116.789019534904 137.699348777868 138.100637262834 142.300265469321 142.441596366344 142.721430459752 146.801579181821 149.919515415259 154.509039405804 172.0364218874 174.313804796103 174.379610050752 182.085531421388 194.974508721797","1 1 1 1 1 1 1 1 1 1 1 1 1 1 1 1 1 1 1 1 1 1 1 1 1"
General-0-20250602-09:10:17-4372,vector,Network.node[6].lnk[1],Buffer Size,,,"3.395897146052 3.395897146052 3.804589829704 4.395897146052 4.472413973963 5.395897146052 7.839244984754 7.839244984754 11.396697146052 11.396697146052 12.396697146052 12.396697146052 14.396697146052 14.396697146052 15.396697146052 15.396697146052 16.064940143037 16.064940143037 16.661217351191 16.661217351191 17.661217351191 17.661217351191 20.037084928217 20.037084928217 22.844859725624 22.844859725624 23.844859725624 23.844859725624 24.537447321493 24.537447321493 24.844859725624 24.844859725624 25.537447321493 25.537447321493 25.934090783447 25.934090783447 28.067591764857 28.067591764857 29.009175789202 29.067591764857 30.009175789202 30.009175789202 30.534617971235 30.534617971235 32.203175805204 32.203175805204 33.992243786152 33.992243786152 38.22486352916 38.22486352916 40.446704427518 40.446704427518 42.743665615666 42.743665615666 44.938668636265 44.938668636265 47.979742515097 47.979742515097 49.494742518779 49.494742518779 50.494742518779 50.494742518779 51.494742518779 51.494742518779 51.655518253596 51.655518253596 52.738626017096 52.738626017096 53.738626017096 53.738626017096 55.222547445624 55.222547445624 58.134468626367 58.134468626367 58.393525680818 58.393525680818 59.134468626367 59.393525680818 59.629526418703 59.629526418703 60.134468626367 60.134468626367 61.134468626367 61.134468626367 62.134468626367 62.134468626367 63.134468626367 63.134468626367 63.409954665013 63.409954665013 64.134468626367 64.134468626367 65.134468626367 65.134468626367 66.134468626367 66.134468626367 66.394325680818 66.394325680818 67.134468626367 67.134468626367 67.394325680818 67.394325680818 68.134468626367 68.134468626367 68.394325680818 68.394325680818 70.134468626367 70.134468626367 71.134468626367 71.134468626367 71.712974654228 71.712974654228 73.132673999384 73.132673999384 75.475682675992 75.475682675992 75.787560996736 75.787560996736 76.475682675992 76.475682675992 77.475682675992 77.475682675992 78.475682675992 78.475682675992 79.475682675992 79.475682675992 80.475682675992 80.475682675992 80.671953252414 80.671953252414 81.475682675992 81.475682675992 82.475682675992 82.475682675992 83.475682675992 83.475682675992 84.475682675992 84.475682675992 85.689651133312 85.689651133312 85.777476295491 85.777476295491 87.495520952493 87.495520952493 89.886162122129 89.886162122129 90.067434450766 90.067434450766 92.827469219661 92.827469219661 93.090058757616 93.090058757616 93.827469219661 93.827469219661 94.090058757616 94.090058757616 95.090058757616 95.090058757616 95.464033253122 95.464033253122 96.464033253122 96.464033253122 97.090058757616 97.090058757616 97.464033253122 97.464033253122 98.464033253122 98.464033253122 99.374827807816 99.374827807816 101.014938439245 101.014938439245 102.014938439245 102.014938439245 103.014938439245 103.014938439245 104.014938439245 104.014938439245 104.835093123093 104.835093123093 105.014938439245 105.014938439245 107.071533778736 107.071533778736 107.173649043596 107.173649043596 109.027370045865 109.027370045865 110.788273114507 110.788273114507 113.277060018976 113.277060018976 114.581145862676 114.581145862676 115.581145862676 115.581145862676 116.100884435105 116.100884435105 116.581145862676 116.581145862676 116.789019534904 116.789019534904 117.581145862676 117.789019534904 118.581145862676 118.581145862676 119.581145862676 119.581145862676 120.581145862676 120.581145862676 120.974210287291 120.974210287291 121.581145862676 121.581145862676 121.989784248619 121.989784248619 122.989784248619 122.989784248619 123.14247031987 123.14247031987 124.14247031987 124.14247031987 125.14247031987 125.14247031987 126.14247031987 126.14247031987 127.894732199603 127.894732199603 128.661355870379 128.661355870379 132.578495953439 132.578495953439 133.578495953439 133.578495953439 135.199239840474 135.199239840474 136.199239840474 136.199239840474 138.473699904403 138.473699904403 141.473699904403 141.473699904403 141.767235708926 141.767235708926 142.441596366344 142.441596366344 142.721430459752 142.926612605428 143.441596366344 144.441596366344 147.462185057736 147.462185057736 149.425962083738 149.425962083738 150.442396366344 150.442396366344 151.442396366344 151.442396366344 152.442396366344 152.442396366344 152.871501962802 152.871501962802 154.509039405804 154.509039405804 155.107463753331 155.509039405804 156.107463753331 156.107463753331 156.237813985854 156.237813985854 157.237813985854 157.237813985854 158.237813985854 158.237813985854 158.300857987013 158.300857987013 160.415081480638 160.415081480638 161.039616648642 161.039616648642 162.039616648642 162.039616648642 166.100526700454 166.100526700454 167.100526700454 167.100526700454 168.245186093101 168.245186093101 169.170118366025 169.170118366025 170.170118366025 170.170118366025 170.404089973786 170.404089973786 171.995614841389 171.995614841389 172.203508811883 172.203508811883 175.871434932954 175.871434932954 177.314004796103 177.314004796103 178.314004796103 178.314004796103 179.314004796103 179.314004796103 180.314004796103 180.314004796103 181.314004796103 181.314004796103 182.085531421388 182.085531421388 182.314004796103 183.085531421388 185.802966472624 185.802966472624 186.158083994655 186.158083994655 188.194545641807 188.194545641807 188.942747028767 188.942747028767 191.014951687241 191.014951687241 191.611198711778 191.611198711778 192.014951687241 192.014951687241 192.611198711778 192.611198711778 193.014951687241 193.014951687241 193.611198711778 193.611198711778 194.014951687241 194.014951687241 194.611198711778 194.611198711778 195.611198711778 195.611198711778 196.025811133951 196.025811133951 197.124850322482 197.124850322482 197.611198711778 197.611198711778 198.124850322482 198.124850322482 198.611198711778 198.611198711778 199.611198711778 199.611198711778","1 0 1 0 1 0 1 0 1 0 1 0 1 0 1 0 1 0 1 0 1 0 1 0 1 0 1 0 1 0 1 0 1 0 1 0 1 0 1 0 1 0 1 0 1 0 1 0 1 0 1 0 1 0 1 0 1 0 1 0 1 0 1 0 1 0 1 0 1 0 1 0 1 0 1 0 1 0 1 0 1 0 1 0 1 0 1 0 1 0 1 0 1 0 1 0 1 0 1 0 1 0 1 0 1 0 1 0 1 0 1 0 1 0 1 0 1 0 1 0 1 0 1 0 1 0 1 0 1 0 1 0 1 0 1 0 1 0 1 0 1 0 1 0 1 0 1 0 1 0 1 0 1 0 1 0 1 0 1 0 1 0 1 0 1 0 1 0 1 0 1 0 1 0 1 0 1 0 1 0 1 0 1 0 1 0 1 0 1 0 1 0 1 0 1 0 1 0 1 0 1 0 1 0 1 0 1 0 1 0 1 0 1 0 1 0 1 0 1 0 1 0 1 0 1 0 1 0 1 0 1 0 1 0 1 0 1 0 1 0 1 0 1 0 1 0 1 2 1 0 1 0 1 0 1 0 1 0 1 0 1 0 1 0 1 0 1 0 1 0 1 0 1 0 1 0 1 0 1 0 1 0 1 0 1 0 1 0 1 0 1 0 1 0 1 0 1 0 1 0 1 0 1 0 1 0 1 0 1 0 1 0 1 0 1 0 1 0 1 0 1 0 1 0 1 0 1 0 1 0 1 0 1 0 1 0 1 0 1 0 1 0 1 0 1 0 1 0 1 0 1 0"
General-0-20250602-09:10:17-4372,vector,Network.node[6].net,ResendedPackets,,,"3.472213973963 15.064740143037 19.036884928217 23.537247321493 24.537247321493 27.207132542754 28.207132542754 31.202975805204 32.992043786152 37.22466352916 39.446504427518 41.743465615666 43.938468636265 47.821063482617 48.821063482617 49.821063482617 57.134268626367 58.134268626367 59.134268626367 60.134268626367 61.134268626367 62.134268626367 63.134268626367 64.134268626367 65.134268626367 66.134268626367 67.134268626367 68.292097604298 69.292097604298 72.132473999384 74.475482675992 75.475482675992 76.475482675992 77.475482675992 78.475482675992 79.475482675992 80.475482675992 81.475482675992 82.475482675992 83.475482675992 84.689451133312 86.495320952493 88.148767895072 92.089858757616 93.089858757616 94.089858757616 95.553387124769 98.374627807816 100.014738439245 101.014738439245 102.014738439245 103.014738439245 104.014738439245 106.173449043596 108.027170045865 112.276860018976 113.580945862676 114.580945862676 115.580945862676 116.580945862676 117.580945862676 118.580945862676 119.580945862676 120.580945862676 122.14227031987 123.14227031987 124.14227031987 125.14227031987 126.894532199603 131.578295953439 132.578295953439 134.199039840474 135.199039840474 137.473499904403 138.473499904403 141.926412605428 148.425762083738 151.871301962802 154.107263753331 155.107263753331 157.300657987013 160.039416648642 161.039416648642 165.100326700454 166.100326700454 167.244986093101 169.403889973786 171.203308811883 176.177279805937 177.177279805937 178.177279805937 179.177279805937 180.177279805937 181.177279805937 185.157883994655 187.942547028767 190.610998711778 191.610998711778 192.610998711778 193.610998711778 194.610998711778 195.610998711778 196.610998711778 197.610998711778","1 1 1 1 1 1 1 1 1 1 1 1 1 1 1 1 1 1 1 1 1 1 1 1 1 1 1 1 1 1 1 1 1 1 1 1 1 1 1 1 1 1 1 1 1 1 1 1 1 1 1 1 1 1 1 1 1 1 1 1 1 1 1 1 1 1 1 1 1 1 1 1 1 1 1 1 1 1 1 1 1 1 1 1 1 1 1 1 1 1 1 1 1 1 1 1 1 1 1 1 1 1 1 1"
General-0-20250602-09:10:17-4372,vector,Network.node[6].lnk[0],Buffer Size,,,"3.472213973963 3.472213973963 15.064740143037 15.064740143037 19.036884928217 19.036884928217 23.537247321493 23.537247321493 24.537247321493 24.537247321493 27.008975789202 27.008975789202 27.207132542754 28.008975789202 28.207132542754 29.008975789202 31.202975805204 31.202975805204 32.992043786152 32.992043786152 37.22466352916 37.22466352916 39.446504427518 39.446504427518 41.743465615666 41.743465615666 42.34979157045 42.743465615666 43.938468636265 43.938468636265 47.494542518779 47.494542518779 47.821063482617 48.494542518779 48.821063482617 49.494542518779 49.821063482617 50.494542518779 54.644565639223 54.644565639223 57.134268626367 57.134268626367 58.134268626367 58.134268626367 59.134268626367 59.134268626367 60.134268626367 60.134268626367 61.134268626367 61.134268626367 62.134268626367 62.134268626367 63.134268626367 63.134268626367 64.134268626367 64.134268626367 65.134268626367 65.134268626367 66.134268626367 66.134268626367 67.134268626367 67.134268626367 67.740556973185 68.134268626367 68.292097604298 69.134268626367 69.292097604298 70.134268626367 72.132473999384 72.132473999384 74.475482675992 74.475482675992 75.475482675992 75.475482675992 76.475482675992 76.475482675992 77.475482675992 77.475482675992 78.475482675992 78.475482675992 79.475482675992 79.475482675992 80.475482675992 80.475482675992 81.475482675992 81.475482675992 82.475482675992 82.475482675992 83.475482675992 83.475482675992 84.689451133312 84.689451133312 86.495320952493 86.495320952493 87.885962122129 87.885962122129 88.148767895072 88.885962122129 92.089858757616 92.089858757616 93.089858757616 93.089858757616 94.089858757616 94.089858757616 94.438393040529 95.089858757616 95.553387124769 96.089858757616 98.374627807816 98.374627807816 100.014738439245 100.014738439245 101.014738439245 101.014738439245 102.014738439245 102.014738439245 103.014738439245 103.014738439245 104.014738439245 104.014738439245 106.173449043596 106.173449043596 108.027170045865 108.027170045865 112.276860018976 112.276860018976 113.580945862676 113.580945862676 114.580945862676 114.580945862676 115.580945862676 115.580945862676 116.580945862676 116.580945862676 117.580945862676 117.580945862676 118.580945862676 118.580945862676 119.580945862676 119.580945862676 120.580945862676 120.580945862676 122.14227031987 122.14227031987 123.14227031987 123.14227031987 124.14227031987 124.14227031987 125.14227031987 125.14227031987 126.894532199603 126.894532199603 131.578295953439 131.578295953439 132.578295953439 132.578295953439 134.199039840474 134.199039840474 135.199039840474 135.199039840474 137.473499904403 137.473499904403 137.699348777868 138.100637262834 138.473499904403 138.473499904403 139.473499904403 140.473499904403 141.926412605428 141.926412605428 142.300265469321 142.926412605428 146.801579181821 146.801579181821 148.425762083738 148.425762083738 149.919515415259 149.919515415259 151.871301962802 151.871301962802 154.107263753331 154.107263753331 155.107263753331 155.107263753331 157.300657987013 157.300657987013 160.039416648642 160.039416648642 161.039416648642 161.039416648642 165.100326700454 165.100326700454 166.100326700454 166.100326700454 167.244986093101 167.244986093101 169.403889973786 169.403889973786 171.203308811883 171.203308811883 172.0364218874 172.203308811883 174.313804796103 174.313804796103 174.379610050752 175.313804796103 176.177279805937 176.313804796103 177.177279805937 177.313804796103 178.177279805937 178.313804796103 179.177279805937 179.313804796103 180.177279805937 180.313804796103 181.177279805937 181.313804796103 185.157883994655 185.157883994655 187.942547028767 187.942547028767 190.610998711778 190.610998711778 191.610998711778 191.610998711778 192.610998711778 192.610998711778 193.610998711778 193.610998711778 194.610998711778 194.610998711778 194.974508721797 195.610998711778 195.610998711778 196.610998711778 196.610998711778 197.610998711778 197.610998711778 198.610998711778","1 0 1 0 1 0 1 0 1 0 1 0 1 0 1 0 1 0 1 0 1 0 1 0 1 0 1 0 1 0 1 0 1 0 1 0 1 0 1 0 1 0 1 0 1 0 1 0 1 0 1 0 1 0 1 0 1 0 1 0 1 0 1 0 1 0 1 0 1 0 1 0 1 0 1 0 1 0 1 0 1 0 1 0 1 0 1 0 1 0 1 0 1 0 1 0 1 0 1 0 1 0 1 0 1 0 1 0 1 0 1 0 1 0 1 0 1 0 1 0 1 0 1 0 1 0 1 0 1 0 1 0 1 0 1 0 1 0 1 0 1 0 1 0 1 0 1 0 1 0 1 0 1 0 1 0 1 0 1 0 1 0 1 2 1 2 1 0 1 0 1 0 1 0 1 0 1 0 1 0 1 0 1 0 1 0 1 0 1 0 1 0 1 0 1 0 1 0 1 0 1 0 1 0 1 0 1 0 1 0 1 0 1 0 1 0 1 0 1 0 1 0 1 0 1 0 1 0 1 0 1 0 1 0 1 0 1 0 1 0"
General-0-20250602-09:10:17-4372,vector,Network.node[7].net,ResendedPackets,,,"4.395997146052 5.395997146052 14.064640143037 22.537147321493 23.537147321493 26.207032542754 27.207032542754 29.067691764857 30.202875805204 31.991943786152 38.446404427518 40.743365615666 42.938368636265 46.820963482617 47.820963482617 48.820963482617 56.134168626367 57.134168626367 58.134168626367 59.134168626367 59.393625680818 60.351919844358 61.351919844358 63.05759889573 64.05759889573 65.952381129704 67.291997604298 68.291997604298 71.132373999384 73.475382675992 74.475382675992 75.475382675992 76.475382675992 77.475382675992 78.475382675992 79.505117638723 80.505117638723 81.505117638723 83.689351133312 91.089758757616 92.089758757616 94.553287124769 97.374527807816 99.014638439245 100.014638439245 101.014638439245 102.014638439245 103.014638439245 105.173349043596 107.027070045865 111.276760018976 112.580845862676 113.580845862676 114.580845862676 115.580845862676 116.580845862676 117.580845862676 117.789119534904 118.580845862676 119.580845862676 121.14217031987 122.14217031987 123.14217031987 125.894432199603 130.578195953439 131.578195953439 133.198939840474 134.198939840474 136.499956430657 140.926312605428 143.441696366344 144.441696366344 147.425662083738 153.107163753331 154.107163753331 155.509139405804 156.300557987013 159.774032175479 164.100226700454 166.244886093101 168.403789973786 170.203208811883 175.177179805937 176.177179805937 177.862101304627 178.862101304627 183.085631421388 186.942447028767 189.610898711778 190.610898711778 191.610898711778 192.610898711778 193.610898711778 194.610898711778","1 1 1 1 1 1 1 1 1 1 1 1 1 1 1 1 1 1 1 1 1 1 1 1 1 1 1 1 1 1 1 1 1 1 1 1 1 1 1 1 1 1 1 1 1 1 1 1 1 1 1 1 1 1 1 1 1 1 1 1 1 1 1 1 1 1 1 1 1 1 1 1 1 1 1 1 1 1 1 1 1 1 1 1 1 1 1 1 1 1 1 1 1 1"
General-0-20250602-09:10:17-4372,vector,Network.node[7].lnk[1],Buffer Size,,,"4.395997146052 4.395997146052 5.395997146052 5.395997146052 7.839344984754 7.839344984754 11.396797146052 11.396797146052 12.396797146052 12.396797146052 14.396797146052 14.396797146052 15.396797146052 15.396797146052 16.065040143037 16.065040143037 16.661317351191 16.661317351191 17.661317351191 17.661317351191 22.844959725624 22.844959725624 23.844959725624 23.844959725624 24.537547321493 24.537547321493 24.844959725624 24.844959725624 25.537547321493 25.537547321493 25.934190783447 25.934190783447 29.067691764857 29.067691764857 29.067691764857 30.009275789202 30.067691764857 30.067691764857 30.534717971235 30.534717971235 32.203275805204 32.203275805204 33.992343786152 33.992343786152 40.446804427518 40.446804427518 42.743765615666 42.743765615666 44.938768636265 44.938768636265 47.522578053408 47.522578053408 47.979842515097 48.522578053408 49.494842518779 49.494842518779 50.494842518779 50.494842518779 51.494842518779 51.494842518779 51.655618253596 51.655618253596 52.738726017096 52.738726017096 53.628826418703 53.628826418703 55.222647445624 55.222647445624 58.134568626367 58.134568626367 59.393625680818 59.393625680818 59.393625680818 60.134568626367 60.393625680818 60.393625680818 62.134568626367 62.134568626367 63.134568626367 63.134568626367 63.410054665013 63.410054665013 64.134568626367 64.134568626367 66.134568626367 66.134568626367 66.394425680818 66.394425680818 67.134568626367 67.134568626367 67.394425680818 67.394425680818 68.134568626367 68.134568626367 68.394425680818 68.394425680818 69.786860996736 69.786860996736 70.134568626367 70.786860996736 71.134568626367 71.134568626367 71.713074654228 71.713074654228 73.132773999384 73.132773999384 75.475782675992 75.475782675992 76.475782675992 76.475782675992 77.475782675992 77.475782675992 78.475782675992 78.475782675992 79.475782675992 79.475782675992 80.672053252414 80.672053252414 81.475782675992 81.475782675992 82.475782675992 82.475782675992 83.475782675992 83.475782675992 84.475782675992 84.475782675992 85.689751133312 85.689751133312 85.777576295491 85.777576295491 89.801401645051 89.801401645051 90.067534450766 90.801401645051 92.827569219661 92.827569219661 93.090158757616 93.090158757616 93.827569219661 93.827569219661 94.090158757616 94.090158757616 95.464133253122 95.464133253122 96.464133253122 96.464133253122 97.090158757616 97.090158757616 97.464133253122 97.464133253122 99.374927807816 99.374927807816 101.015038439245 101.015038439245 102.015038439245 102.015038439245 103.015038439245 103.015038439245 104.015038439245 104.015038439245 104.835193123093 104.835193123093 105.015038439245 105.015038439245 107.071633778736 107.071633778736 107.173749043596 107.173749043596 109.027470045865 109.027470045865 110.788373114507 110.788373114507 113.277160018976 113.277160018976 114.581245862676 114.581245862676 115.581245862676 115.581245862676 116.100984435105 116.100984435105 116.581245862676 116.581245862676 117.789119534904 117.789119534904 117.789119534904 118.581245862676 118.789119534904 118.789119534904 119.581245862676 119.581245862676 120.581245862676 120.581245862676 120.974310287291 120.974310287291 121.581245862676 121.581245862676 121.989884248619 121.989884248619 122.989884248619 122.989884248619 123.14257031987 123.14257031987 124.14257031987 124.14257031987 125.14257031987 125.14257031987 127.894832199603 127.894832199603 128.661455870379 128.661455870379 132.578595953439 132.578595953439 133.578595953439 133.578595953439 135.199339840474 135.199339840474 136.199339840474 136.199339840474 141.461485057736 141.461485057736 141.473799904403 141.767335708926 142.461485057736 142.461485057736 143.441696366344 143.441696366344 144.441696366344 144.441696366344 144.441696366344 145.441696366344 149.426062083738 149.426062083738 150.442496366344 150.442496366344 151.442496366344 151.442496366344 152.442496366344 152.442496366344 155.509139405804 155.509139405804 155.509139405804 156.107563753331 156.237913985854 156.509139405804 156.509139405804 156.509139405804 157.237913985854 157.237913985854 158.237913985854 158.237913985854 158.300957987013 158.300957987013 160.415181480638 160.415181480638 162.039716648642 162.039716648642 166.100626700454 166.100626700454 168.245286093101 168.245286093101 169.170218366025 169.170218366025 169.870734932954 169.870734932954 170.170218366025 170.404189973786 170.870734932954 170.870734932954 171.995714841389 171.995714841389 172.203608811883 172.203608811883 177.314104796103 177.314104796103 179.314104796103 179.314104796103 181.314104796103 181.314104796103 183.085631421388 183.085631421388 183.085631421388 184.085631421388 185.803066472624 185.803066472624 186.310408060992 186.310408060992 188.194645641807 188.194645641807 188.942847028767 188.942847028767 191.015051687241 191.015051687241 191.611298711778 191.611298711778 191.943989859602 191.943989859602 192.015051687241 192.611298711778 192.943989859602 192.943989859602 193.611298711778 193.611298711778 194.015051687241 194.015051687241 194.611298711778 194.611298711778 195.611298711778 195.611298711778 196.025911133951 196.025911133951 197.124950322482 197.124950322482 198.531615460787 198.531615460787 198.611298711778 199.531615460787","1 0 1 0 1 0 1 0 1 0 1 0 1 0 1 0 1 0 1 0 1 0 1 0 1 0 1 0 1 0 1 0 1 2 1 2 1 0 1 0 1 0 1 0 1 0 1 0 1 0 1 0 1 0 1 0 1 0 1 0 1 0 1 0 1 0 1 0 1 0 1 2 1 2 1 0 1 0 1 0 1 0 1 0 1 0 1 0 1 0 1 0 1 0 1 0 1 0 1 0 1 0 1 0 1 0 1 0 1 0 1 0 1 0 1 0 1 0 1 0 1 0 1 0 1 0 1 0 1 0 1 0 1 0 1 0 1 0 1 0 1 0 1 0 1 0 1 0 1 0 1 0 1 0 1 0 1 0 1 0 1 0 1 0 1 0 1 0 1 0 1 0 1 0 1 0 1 0 1 0 1 0 1 2 1 2 1 0 1 0 1 0 1 0 1 0 1 0 1 0 1 0 1 0 1 0 1 0 1 0 1 0 1 0 1 0 1 0 1 0 1 2 1 0 1 0 1 2 1 0 1 0 1 0 1 0 1 0 1 2 1 2 3 2 1 0 1 0 1 0 1 0 1 0 1 0 1 0 1 0 1 0 1 0 1 2 1 0 1 0 1 0 1 0 1 0 1 0 1 2 1 0 1 0 1 0 1 0 1 0 1 0 1 0 1 0 1 2 1 0 1 0 1 0 1 0 1 0 1 0 1 0 1 0 1 0"
General-0-20250602-09:10:17-4372,vector,Network.node[5].net,Feedbacks,,,"4.472313973963 7.839144984754 10.396597146052 11.396597146052 12.396597146052 13.396597146052 14.396597146052 15.396597146052 16.064840143037 16.661117351191 17.661117351191 20.036984928217 22.844759725624 23.844759725624 24.537347321493 24.844759725624 25.537347321493 25.933990783447 28.009075789202 29.009075789202 30.009075789202 30.534517971235 32.203075805204 33.992143786152 35.068291764857 38.22476352916 40.446604427518 42.743565615666 43.743565615666 44.938568636265 47.979642515097 48.494642518779 49.494642518779 50.494642518779 51.494642518779 51.655418253596 52.738526017096 53.738526017096 55.222447445624 55.644665639223 58.134368626367 59.134368626367 59.629426418703 60.134368626367 61.134368626367 62.134368626367 63.134368626367 63.409854665013 64.134368626367 65.134368626367 65.394225680818 66.134368626367 66.394225680818 67.134368626367 67.394225680818 68.134368626367 68.394225680818 69.134368626367 70.134368626367 71.134368626367 71.712874654228 73.132573999384 75.475582675992 75.787460996736 76.475582675992 77.475582675992 78.475582675992 79.475582675992 80.475582675992 80.671853252414 81.475582675992 82.475582675992 83.475582675992 84.475582675992 85.689551133312 85.777376295491 87.495420952493 88.886062122129 89.886062122129 90.067334450766 92.827369219661 93.089958757616 93.827369219661 94.089958757616 95.089958757616 95.463933253122 96.089958757616 96.463933253122 97.089958757616 97.463933253122 98.463933253122 99.374727807816 101.014838439245 102.014838439245 103.014838439245 104.014838439245 104.834993123093 105.014838439245 107.071433778736 107.173549043596 109.027270045865 110.788173114507 113.276960018976 114.581045862676 115.581045862676 116.100784435105 116.581045862676 117.581045862676 118.581045862676 119.581045862676 120.581045862676 120.974110287291 121.581045862676 121.989684248619 122.989684248619 123.14237031987 123.989684248619 124.14237031987 125.14237031987 126.14237031987 127.894632199603 128.661255870379 132.578395953439 133.578395953439 135.199139840474 136.199139840474 138.473599904403 139.473599904403 140.473599904403 141.473599904403 141.767135708926 142.926512605428 143.926512605428 147.462085057736 147.801679181821 149.425862083738 149.442296366344 150.442296366344 150.919615415259 151.442296366344 152.442296366344 152.871401962802 153.442296366344 155.107363753331 156.107363753331 156.237713985854 157.237713985854 158.237713985854 158.300757987013 160.414981480638 161.039516648642 161.509739405804 162.039516648642 166.100426700454 167.100426700454 168.245086093101 169.170018366025 170.170018366025 170.403989973786 171.995514841389 172.203408811883 173.203408811883 175.313904796103 175.871334932954 176.313904796103 177.313904796103 178.313904796103 179.313904796103 180.313904796103 181.313904796103 182.313904796103 185.802866472624 186.157983994655 188.194445641807 188.942647028767 189.194445641807 191.014851687241 191.611098711778 192.014851687241 192.611098711778 193.014851687241 193.611098711778 194.014851687241 194.611098711778 195.611098711778 196.025711133951 196.611098711778 197.124750322482 197.611098711778 198.124750322482 198.611098711778 199.611098711778","1 1 1 1 1 1 1 1 1 1 1 1 1 1 1 1 1 1 1 1 1 1 1 1 1 1 1 1 1 1 1 1 1 1 1 1 1 1 1 1 1 1 1 1 1 1 1 1 1 1 1 1 1 1 1 1 1 1 1 1 1 1 1 1 1 1 1 1 1 1 1 1 1 1 1 1 1 1 1 1 1 1 1 1 1 1 1 1 1 1 1 1 1 1 1 1 1 1 1 1 1 1 1 1 1 1 1 1 1 1 1 1 1 1 1 1 1 1 1 1 1 1 1 1 1 1 1 1 1 1 1 1 1 1 1 1 1 1 1 1 1 1 1 1 1 1 1 1 1 1 1 1 1 1 1 1 1 1 1 1 1 1 1 1 1 1 1 1 1 1 1 1 1 1 1 1 1 1 1 1 1 1 1 1 1 1 1 1 1 1 1 1"
General-0-20250602-09:10:17-4372,vector,Network.node[5].app,Delay,,,"4.472313973963 7.839144984754 10.396597146052 11.396597146052 12.396597146052 13.396597146052 14.396597146052 15.396597146052 16.064840143037 16.661117351191 17.661117351191 20.036984928217 22.844759725624 23.844759725624 24.537347321493 24.844759725624 25.537347321493 25.933990783447 28.009075789202 29.009075789202 30.009075789202 30.534517971235 32.203075805204 33.992143786152 35.068291764857 38.22476352916 40.446604427518 42.743565615666 43.743565615666 44.938568636265 47.979642515097 48.494642518779 49.494642518779 50.494642518779 51.494642518779 51.655418253596 52.738526017096 53.738526017096 55.222447445624 55.644665639223 58.134368626367 59.134368626367 59.629426418703 60.134368626367 61.134368626367 62.134368626367 63.134368626367 63.409854665013 64.134368626367 65.134368626367 65.394225680818 66.134368626367 66.394225680818 67.134368626367 67.394225680818 68.134368626367 68.394225680818 69.134368626367 70.134368626367 71.134368626367 71.712874654228 73.132573999384 75.475582675992 75.787460996736 76.475582675992 77.475582675992 78.475582675992 79.475582675992 80.475582675992 80.671853252414 81.475582675992 82.475582675992 83.475582675992 84.475582675992 85.689551133312 85.777376295491 87.495420952493 88.886062122129 89.886062122129 90.067334450766 92.827369219661 93.089958757616 93.827369219661 94.089958757616 95.089958757616 95.463933253122 96.089958757616 96.463933253122 97.089958757616 97.463933253122 98.463933253122 99.374727807816 101.014838439245 102.014838439245 103.014838439245 104.014838439245 104.834993123093 105.014838439245 107.071433778736 107.173549043596 109.027270045865 110.788173114507 113.276960018976 114.581045862676 115.581045862676 116.100784435105 116.581045862676 117.581045862676 118.581045862676 119.581045862676 120.581045862676 120.974110287291 121.581045862676 121.989684248619 122.989684248619 123.14237031987 123.989684248619 124.14237031987 125.14237031987 126.14237031987 127.894632199603 128.661255870379 132.578395953439 133.578395953439 135.199139840474 136.199139840474 138.473599904403 139.473599904403 140.473599904403 141.473599904403 141.767135708926 142.926512605428 143.926512605428 147.462085057736 147.801679181821 149.425862083738 149.442296366344 150.442296366344 150.919615415259 151.442296366344 152.442296366344 152.871401962802 153.442296366344 155.107363753331 156.107363753331 156.237713985854 157.237713985854 158.237713985854 158.300757987013 160.414981480638 161.039516648642 161.509739405804 162.039516648642 166.100426700454 167.100426700454 168.245086093101 169.170018366025 170.170018366025 170.403989973786 171.995514841389 172.203408811883 173.203408811883 175.313904796103 175.871334932954 176.313904796103 177.313904796103 178.313904796103 179.313904796103 180.313904796103 181.313904796103 182.313904796103 185.802866472624 186.157983994655 188.194445641807 188.942647028767 189.194445641807 191.014851687241 191.611098711778 192.014851687241 192.611098711778 193.014851687241 193.611098711778 194.014851687241 194.611098711778 195.611098711778 196.025711133951 196.611098711778 197.124750322482 197.611098711778 198.124750322482 198.611098711778 199.611098711778","2.0002 1.0001 7.0007 1.172337426659 6.106674426664 9.592007316348 5.878181440771 2.243848766633 3.0003 3.0003 4.643887866668 2.0002 1.0001 1.857120881207 5.0005 6.511500789397 5.484702511744 3.0003 1.0001 7.802543246448 5.286367902404 2.0002 7.0007 3.0003 7.0007 2.0002 5.0005 7.0007 1.393774045216 5.0005 1.0001 1.0001 6.674079036162 6.224067665127 4.72074513125 4.0004 4.0004 6.215947963688 3.0003 1.0001 4.0004 4.216776875572 6.0006 6.698053325819 2.340751165373 4.225971756222 3.782548782009 4.0004 8.228232195705 2.077174203091 7.0007 8.077269730637 5.334066401304 4.9244831714 2.873402193492 3.182087496663 6.317120210259 1.393811653182 4.842571022069 7.748500565163 5.0005 3.0003 7.0007 6.0006 4.466949230116 3.159086138879 7.325782448441 6.992491884458 2.672748996356 3.0003 7.207152983083 5.970765037269 6.238836456843 5.820487145639 3.0003 1.0001 2.0002 1.0001 2.737394227057 4.0004 2.0002 7.0007 4.656606568551 7.034499181001 2.536769211436 5.0005 1.651565717087 4.12845618044 6.537071632847 2.595493857815 8.662531608071 3.0003 3.0003 6.392953286846 3.768905182021 4.638264330397 1.0001 8.236080034093 2.0002 5.0005 6.0006 4.0004 5.0005 7.0007 4.286805736951 1.0001 7.114221017002 8.038760940647 7.902328823979 8.083640955432 8.15125233119 2.0002 6.466537325205 1.0001 1.285085829325 7.0007 7.200664713715 4.985952083412 7.468535824449 2.407702850458 7.0007 3.0003 6.0006 6.293356572837 4.0004 7.668827882086 2.0002 1.774251126535 2.372962641569 7.973943473746 5.0005 5.0005 1.626247136107 6.0006 1.0001 5.0005 7.0007 3.69006259586 1.0001 5.506307420324 4.793665238682 2.0002 10.720865906592 5.0005 5.115779545023 1.0001 3.567223135514 1.289331863427 6.0006 3.0003 2.0002 7.0007 7.265984473163 3.0003 2.20842732802 5.0005 2.0002 2.309647841072 5.0005 1.0001 7.0007 1.166986924483 1.0001 6.0006 1.934294745351 4.136924990166 2.437900375629 8.925883331091 3.448585380704 5.452003491476 5.191094438099 3.0003 2.0002 3.0003 3.0003 7.108914220419 3.0003 5.0005 2.789002960335 6.968596631114 6.704443626249 4.817903850138 3.680612416721 7.858312788431 6.418195768318 4.0004 1.636589989981 5.0005 3.464057226194 6.18076046288 9.070892369654 3.081630058547"
General-0-20250602-09:10:17-4372,vector,Network.node[5].app,Hops,,,"4.472313973963 7.839144984754 10.396597146052 11.396597146052 12.396597146052 13.396597146052 14.396597146052 15.396597146052 16.064840143037 16.661117351191 17.661117351191 20.036984928217 22.844759725624 23.844759725624 24.537347321493 24.844759725624 25.537347321493 25.933990783447 28.009075789202 29.009075789202 30.009075789202 30.534517971235 32.203075805204 33.992143786152 35.068291764857 38.22476352916 40.446604427518 42.743565615666 43.743565615666 44.938568636265 47.979642515097 48.494642518779 49.494642518779 50.494642518779 51.494642518779 51.655418253596 52.738526017096 53.738526017096 55.222447445624 55.644665639223 58.134368626367 59.134368626367 59.629426418703 60.134368626367 61.134368626367 62.134368626367 63.134368626367 63.409854665013 64.134368626367 65.134368626367 65.394225680818 66.134368626367 66.394225680818 67.134368626367 67.394225680818 68.134368626367 68.394225680818 69.134368626367 70.134368626367 71.134368626367 71.712874654228 73.132573999384 75.475582675992 75.787460996736 76.475582675992 77.475582675992 78.475582675992 79.475582675992 80.475582675992 80.671853252414 81.475582675992 82.475582675992 83.475582675992 84.475582675992 85.689551133312 85.777376295491 87.495420952493 88.886062122129 89.886062122129 90.067334450766 92.827369219661 93.089958757616 93.827369219661 94.089958757616 95.089958757616 95.463933253122 96.089958757616 96.463933253122 97.089958757616 97.463933253122 98.463933253122 99.374727807816 101.014838439245 102.014838439245 103.014838439245 104.014838439245 104.834993123093 105.014838439245 107.071433778736 107.173549043596 109.027270045865 110.788173114507 113.276960018976 114.581045862676 115.581045862676 116.100784435105 116.581045862676 117.581045862676 118.581045862676 119.581045862676 120.581045862676 120.974110287291 121.581045862676 121.989684248619 122.989684248619 123.14237031987 123.989684248619 124.14237031987 125.14237031987 126.14237031987 127.894632199603 128.661255870379 132.578395953439 133.578395953439 135.199139840474 136.199139840474 138.473599904403 139.473599904403 140.473599904403 141.473599904403 141.767135708926 142.926512605428 143.926512605428 147.462085057736 147.801679181821 149.425862083738 149.442296366344 150.442296366344 150.919615415259 151.442296366344 152.442296366344 152.871401962802 153.442296366344 155.107363753331 156.107363753331 156.237713985854 157.237713985854 158.237713985854 158.300757987013 160.414981480638 161.039516648642 161.509739405804 162.039516648642 166.100426700454 167.100426700454 168.245086093101 169.170018366025 170.170018366025 170.403989973786 171.995514841389 172.203408811883 173.203408811883 175.313904796103 175.871334932954 176.313904796103 177.313904796103 178.313904796103 179.313904796103 180.313904796103 181.313904796103 182.313904796103 185.802866472624 186.157983994655 188.194445641807 188.942647028767 189.194445641807 191.014851687241 191.611098711778 192.014851687241 192.611098711778 193.014851687241 193.611098711778 194.014851687241 194.611098711778 195.611098711778 196.025711133951 196.611098711778 197.124750322482 197.611098711778 198.124750322482 198.611098711778 199.611098711778","2 1 7 1 5 7 5 2 3 3 4 2 1 1 5 5 5 3 1 7 4 2 7 3 7 2 5 7 1 5 1 1 6 5 4 4 4 6 3 1 4 4 6 6 2 3 3 4 7 2 7 7 5 3 2 3 5 1 4 6 5 3 7 6 4 3 6 5 2 3 6 5 5 4 3 1 2 1 2 4 2 7 4 7 2 5 1 4 6 2 6 3 3 6 3 4 1 7 2 5 6 4 5 7 4 1 6 7 6 6 7 2 5 1 1 7 7 4 7 2 7 3 6 6 4 7 2 1 1 5 5 5 1 6 1 5 7 3 1 4 3 2 7 5 5 1 3 1 6 3 2 7 7 3 2 5 2 2 5 1 7 1 1 6 1 4 2 7 2 4 3 3 2 3 3 7 3 5 2 6 6 4 2 5 6 4 1 5 2 6 7 2"
General-0-20250602-09:10:17-4372,vector,Network.node[5].app,ReceivedPackets,,,"4.472313973963 7.839144984754 10.396597146052 11.396597146052 12.396597146052 13.396597146052 14.396597146052 15.396597146052 16.064840143037 16.661117351191 17.661117351191 20.036984928217 22.844759725624 23.844759725624 24.537347321493 24.844759725624 25.537347321493 25.933990783447 28.009075789202 29.009075789202 30.009075789202 30.534517971235 32.203075805204 33.992143786152 35.068291764857 38.22476352916 40.446604427518 42.743565615666 43.743565615666 44.938568636265 47.979642515097 48.494642518779 49.494642518779 50.494642518779 51.494642518779 51.655418253596 52.738526017096 53.738526017096 55.222447445624 55.644665639223 58.134368626367 59.134368626367 59.629426418703 60.134368626367 61.134368626367 62.134368626367 63.134368626367 63.409854665013 64.134368626367 65.134368626367 65.394225680818 66.134368626367 66.394225680818 67.134368626367 67.394225680818 68.134368626367 68.394225680818 69.134368626367 70.134368626367 71.134368626367 71.712874654228 73.132573999384 75.475582675992 75.787460996736 76.475582675992 77.475582675992 78.475582675992 79.475582675992 80.475582675992 80.671853252414 81.475582675992 82.475582675992 83.475582675992 84.475582675992 85.689551133312 85.777376295491 87.495420952493 88.886062122129 89.886062122129 90.067334450766 92.827369219661 93.089958757616 93.827369219661 94.089958757616 95.089958757616 95.463933253122 96.089958757616 96.463933253122 97.089958757616 97.463933253122 98.463933253122 99.374727807816 101.014838439245 102.014838439245 103.014838439245 104.014838439245 104.834993123093 105.014838439245 107.071433778736 107.173549043596 109.027270045865 110.788173114507 113.276960018976 114.581045862676 115.581045862676 116.100784435105 116.581045862676 117.581045862676 118.581045862676 119.581045862676 120.581045862676 120.974110287291 121.581045862676 121.989684248619 122.989684248619 123.14237031987 123.989684248619 124.14237031987 125.14237031987 126.14237031987 127.894632199603 128.661255870379 132.578395953439 133.578395953439 135.199139840474 136.199139840474 138.473599904403 139.473599904403 140.473599904403 141.473599904403 141.767135708926 142.926512605428 143.926512605428 147.462085057736 147.801679181821 149.425862083738 149.442296366344 150.442296366344 150.919615415259 151.442296366344 152.442296366344 152.871401962802 153.442296366344 155.107363753331 156.107363753331 156.237713985854 157.237713985854 158.237713985854 158.300757987013 160.414981480638 161.039516648642 161.509739405804 162.039516648642 166.100426700454 167.100426700454 168.245086093101 169.170018366025 170.170018366025 170.403989973786 171.995514841389 172.203408811883 173.203408811883 175.313904796103 175.871334932954 176.313904796103 177.313904796103 178.313904796103 179.313904796103 180.313904796103 181.313904796103 182.313904796103 185.802866472624 186.157983994655 188.194445641807 188.942647028767 189.194445641807 191.014851687241 191.611098711778 192.014851687241 192.611098711778 193.014851687241 193.611098711778 194.014851687241 194.611098711778 195.611098711778 196.025711133951 196.611098711778 197.124750322482 197.611098711778 198.124750322482 198.611098711778 199.611098711778","1 1 1 1 1 1 1 1 1 1 1 1 1 1 1 1 1 1 1 1 1 1 1 1 1 1 1 1 1 1 1 1 1 1 1 1 1 1 1 1 1 1 1 1 1 1 1 1 1 1 1 1 1 1 1 1 1 1 1 1 1 1 1 1 1 1 1 1 1 1 1 1 1 1 1 1 1 1 1 1 1 1 1 1 1 1 1 1 1 1 1 1 1 1 1 1 1 1 1 1 1 1 1 1 1 1 1 1 1 1 1 1 1 1 1 1 1 1 1 1 1 1 1 1 1 1 1 1 1 1 1 1 1 1 1 1 1 1 1 1 1 1 1 1 1 1 1 1 1 1 1 1 1 1 1 1 1 1 1 1 1 1 1 1 1 1 1 1 1 1 1 1 1 1 1 1 1 1 1 1 1 1 1 1 1 1 1 1 1 1 1 1"
General-0-20250602-09:10:17-4372,vector,Network.node[5].lnk[1],Buffer Size,,,"4.472313973963 4.472313973963 7.839144984754 7.839144984754 10.396597146052 10.396597146052 11.396597146052 11.396597146052 12.396597146052 12.396597146052 13.396597146052 13.396597146052 14.396597146052 14.396597146052 15.396597146052 15.396597146052 16.064840143037 16.064840143037 16.661117351191 16.661117351191 17.661117351191 17.661117351191 20.036984928217 20.036984928217 22.844759725624 22.844759725624 23.844759725624 23.844759725624 24.537347321493 24.537347321493 24.844759725624 24.844759725624 25.537347321493 25.537347321493 25.933990783447 25.933990783447 28.009075789202 28.009075789202 29.009075789202 29.009075789202 30.009075789202 30.009075789202 30.534517971235 30.534517971235 32.203075805204 32.203075805204 33.992143786152 33.992143786152 35.068291764857 35.068291764857 38.22476352916 38.22476352916 40.446604427518 40.446604427518 42.743565615666 42.743565615666 43.743565615666 43.743565615666 44.938568636265 44.938568636265 47.979642515097 47.979642515097 48.494642518779 48.494642518779 49.494642518779 49.494642518779 50.494642518779 50.494642518779 51.494642518779 51.494642518779 51.655418253596 51.655418253596 52.738526017096 52.738526017096 53.738526017096 53.738526017096 55.222447445624 55.222447445624 55.644665639223 55.644665639223 58.134368626367 58.134368626367 59.134368626367 59.134368626367 59.629426418703 59.629426418703 60.134368626367 60.134368626367 61.134368626367 61.134368626367 62.134368626367 62.134368626367 63.134368626367 63.134368626367 63.409854665013 63.409854665013 64.134368626367 64.134368626367 65.134368626367 65.134368626367 65.394225680818 65.394225680818 66.134368626367 66.134368626367 66.394225680818 66.394225680818 67.134368626367 67.134368626367 67.394225680818 67.394225680818 68.134368626367 68.134368626367 68.394225680818 68.394225680818 69.134368626367 69.134368626367 70.134368626367 70.134368626367 71.134368626367 71.134368626367 71.712874654228 71.712874654228 73.132573999384 73.132573999384 75.475582675992 75.475582675992 75.787460996736 75.787460996736 76.475582675992 76.475582675992 77.475582675992 77.475582675992 78.475582675992 78.475582675992 79.475582675992 79.475582675992 80.475582675992 80.475582675992 80.671853252414 80.671853252414 81.475582675992 81.475582675992 82.475582675992 82.475582675992 83.475582675992 83.475582675992 84.475582675992 84.475582675992 85.689551133312 85.689551133312 85.777376295491 85.777376295491 87.495420952493 87.495420952493 88.886062122129 88.886062122129 89.886062122129 89.886062122129 90.067334450766 90.067334450766 92.827369219661 92.827369219661 93.089958757616 93.089958757616 93.827369219661 93.827369219661 94.089958757616 94.089958757616 95.089958757616 95.089958757616 95.463933253122 95.463933253122 96.089958757616 96.089958757616 96.463933253122 96.463933253122 97.089958757616 97.089958757616 97.463933253122 97.463933253122 98.463933253122 98.463933253122 99.374727807816 99.374727807816 101.014838439245 101.014838439245 102.014838439245 102.014838439245 103.014838439245 103.014838439245 104.014838439245 104.014838439245 104.834993123093 104.834993123093 105.014838439245 105.014838439245 107.071433778736 107.071433778736 107.173549043596 107.173549043596 109.027270045865 109.027270045865 110.788173114507 110.788173114507 113.276960018976 113.276960018976 114.581045862676 114.581045862676 115.581045862676 115.581045862676 116.100784435105 116.100784435105 116.581045862676 116.581045862676 117.581045862676 117.581045862676 118.581045862676 118.581045862676 119.581045862676 119.581045862676 120.581045862676 120.581045862676 120.974110287291 120.974110287291 121.581045862676 121.581045862676 121.989684248619 121.989684248619 122.989684248619 122.989684248619 123.14237031987 123.14237031987 123.989684248619 123.989684248619 124.14237031987 124.14237031987 125.14237031987 125.14237031987 126.14237031987 126.14237031987 127.894632199603 127.894632199603 128.661255870379 128.661255870379 132.578395953439 132.578395953439 133.578395953439 133.578395953439 135.199139840474 135.199139840474 136.199139840474 136.199139840474 138.473599904403 138.473599904403 139.473599904403 139.473599904403 140.473599904403 140.473599904403 141.473599904403 141.473599904403 141.767135708926 141.767135708926 142.926512605428 142.926512605428 143.926512605428 143.926512605428 147.462085057736 147.462085057736 147.801679181821 147.801679181821 149.425862083738 149.425862083738 149.442296366344 149.442296366344 150.442296366344 150.442296366344 150.919615415259 150.919615415259 151.442296366344 151.442296366344 152.442296366344 152.442296366344 152.871401962802 152.871401962802 153.442296366344 153.442296366344 155.107363753331 155.107363753331 156.107363753331 156.107363753331 156.237713985854 156.237713985854 157.237713985854 157.237713985854 158.237713985854 158.237713985854 158.300757987013 158.300757987013 160.414981480638 160.414981480638 161.039516648642 161.039516648642 161.509739405804 161.509739405804 162.039516648642 162.039516648642 166.100426700454 166.100426700454 167.100426700454 167.100426700454 168.245086093101 168.245086093101 169.170018366025 169.170018366025 170.170018366025 170.170018366025 170.403989973786 170.403989973786 171.995514841389 171.995514841389 172.203408811883 172.203408811883 173.203408811883 173.203408811883 175.313904796103 175.313904796103 175.871334932954 175.871334932954 176.313904796103 176.313904796103 177.313904796103 177.313904796103 178.313904796103 178.313904796103 179.313904796103 179.313904796103 180.313904796103 180.313904796103 181.313904796103 181.313904796103 182.313904796103 182.313904796103 185.802866472624 185.802866472624 186.157983994655 186.157983994655 188.194445641807 188.194445641807 188.942647028767 188.942647028767 189.194445641807 189.194445641807 191.014851687241 191.014851687241 191.611098711778 191.611098711778 192.014851687241 192.014851687241 192.611098711778 192.611098711778 193.014851687241 193.014851687241 193.611098711778 193.611098711778 194.014851687241 194.014851687241 194.611098711778 194.611098711778 195.611098711778 195.611098711778 196.025711133951 196.025711133951 196.611098711778 196.611098711778 197.124750322482 197.124750322482 197.611098711778 197.611098711778 198.124750322482 198.124750322482 198.611098711778 198.611098711778 199.611098711778 199.611098711778","1 0 1 0 1 0 1 0 1 0 1 0 1 0 1 0 1 0 1 0 1 0 1 0 1 0 1 0 1 0 1 0 1 0 1 0 1 0 1 0 1 0 1 0 1 0 1 0 1 0 1 0 1 0 1 0 1 0 1 0 1 0 1 0 1 0 1 0 1 0 1 0 1 0 1 0 1 0 1 0 1 0 1 0 1 0 1 0 1 0 1 0 1 0 1 0 1 0 1 0 1 0 1 0 1 0 1 0 1 0 1 0 1 0 1 0 1 0 1 0 1 0 1 0 1 0 1 0 1 0 1 0 1 0 1 0 1 0 1 0 1 0 1 0 1 0 1 0 1 0 1 0 1 0 1 0 1 0 1 0 1 0 1 0 1 0 1 0 1 0 1 0 1 0 1 0 1 0 1 0 1 0 1 0 1 0 1 0 1 0 1 0 1 0 1 0 1 0 1 0 1 0 1 0 1 0 1 0 1 0 1 0 1 0 1 0 1 0 1 0 1 0 1 0 1 0 1 0 1 0 1 0 1 0 1 0 1 0 1 0 1 0 1 0 1 0 1 0 1 0 1 0 1 0 1 0 1 0 1 0 1 0 1 0 1 0 1 0 1 0 1 0 1 0 1 0 1 0 1 0 1 0 1 0 1 0 1 0 1 0 1 0 1 0 1 0 1 0 1 0 1 0 1 0 1 0 1 0 1 0 1 0 1 0 1 0 1 0 1 0 1 0 1 0 1 0 1 0 1 0 1 0 1 0 1 0 1 0 1 0 1 0 1 0 1 0 1 0 1 0 1 0 1 0 1 0 1 0 1 0 1 0 1 0 1 0 1 0 1 0 1 0 1 0 1 0 1 0 1 0 1 0 1 0"
General-0-20250602-09:10:17-4372,vector,Network.node[0].net,ResendedPackets,,,"5.396097146052 6.396097146052 21.537047321493 22.537047321493 25.206932542754 26.206932542754 29.202775805204 30.067791764857 37.446304427518 39.743265615666 41.938268636265 45.820863482617 46.820863482617 47.820863482617 48.522678053408 54.628926418703 55.134068626367 56.134068626367 57.134068626367 59.906536430662 60.393725680818 62.05749889573 66.291897604298 67.291897604298 70.786960996736 72.475282675992 73.475282675992 74.475282675992 75.475282675992 77.268729692909 78.505017638723 79.505017638723 80.505017638723 90.089658757616 90.801501645051 91.089658757616 93.553187124769 98.622185152399 100.376674108848 101.376674108848 104.173249043596 106.026970045865 110.276660018976 111.580745862676 112.580745862676 113.580745862676 114.580745862676 115.580745862676 116.580745862676 117.580745862676 118.580745862676 118.789219534904 120.14207031987 121.14207031987 122.14207031987 124.894332199603 129.578095953439 130.578095953439 132.198839840474 133.198839840474 135.499856430657 139.926212605428 142.461585057736 144.441796366344 145.441796366344 146.425562083738 152.107063753331 153.107063753331 155.300457987013 156.509239405804 158.773932175479 165.244786093101 167.403689973786 169.203108811883 170.870834932954 174.177079805937 175.177079805937 176.862001304627 184.085731421388 187.310508060992 188.610798711778 189.610798711778 190.610798711778 191.610798711778 192.610798711778 192.944089859602 193.610798711778 199.236120495559 199.531715460787","1 1 1 1 1 1 1 1 1 1 1 1 1 1 1 1 1 1 1 1 1 1 1 1 1 1 1 1 1 1 1 1 1 1 1 1 1 1 1 1 1 1 1 1 1 1 1 1 1 1 1 1 1 1 1 1 1 1 1 1 1 1 1 1 1 1 1 1 1 1 1 1 1 1 1 1 1 1 1 1 1 1 1 1 1 1 1 1 1"
General-0-20250602-09:10:17-4372,vector,Network.node[0].lnk[1],Buffer Size,,,"5.396097146052 5.396097146052 6.289922719388 6.396097146052 6.396097146052 7.396097146052 7.839444984754 8.396097146052 8.518415705281 8.518415705281 11.396897146052 11.396897146052 15.396897146052 15.396897146052 16.661417351191 16.661417351191 17.661417351191 17.661417351191 18.333258936227 18.333258936227 22.845059725624 22.845059725624 23.845059725624 23.845059725624 24.537647321493 24.537647321493 25.537647321493 25.537647321493 25.934290783447 25.934290783447 30.067791764857 30.067791764857 30.067791764857 30.067791764857 30.534817971235 31.067791764857 31.067791764857 31.067791764857 32.203375805204 32.203375805204 40.446904427518 40.446904427518 42.743865615666 42.743865615666 44.938868636265 44.938868636265 48.522678053408 48.522678053408 48.522678053408 49.494942518779 49.522678053408 49.522678053408 50.494942518779 50.494942518779 51.494942518779 51.494942518779 51.655718253596 51.655718253596 52.738826017096 52.738826017096 54.628926418703 54.628926418703 55.222747445624 55.628926418703 58.134668626367 58.134668626367 60.393725680818 60.393725680818 60.393725680818 60.393725680818 61.060159279514 61.393725680818 61.393725680818 61.393725680818 62.077105470559 62.393725680818 63.410154665013 63.410154665013 64.134668626367 64.134668626367 66.134668626367 66.134668626367 66.712374654228 66.712374654228 67.394525680818 67.712374654228 70.786960996736 70.786960996736 70.786960996736 71.134668626367 71.786960996736 71.786960996736 75.475882675992 75.475882675992 76.475882675992 76.475882675992 78.475882675992 78.475882675992 79.475882675992 79.475882675992 80.672153252414 80.672153252414 81.475882675992 81.475882675992 82.475882675992 82.475882675992 83.475882675992 83.475882675992 84.475882675992 84.475882675992 85.777676295491 85.777676295491 90.463433253122 90.463433253122 90.801501645051 90.801501645051 91.463433253122 92.463433253122 92.827669219661 92.827669219661 93.090258757616 93.090258757616 93.827669219661 93.827669219661 94.090258757616 94.090258757616 96.464233253122 96.464233253122 97.090258757616 97.090258757616 97.464233253122 97.464233253122 102.015138439245 102.015138439245 104.015138439245 104.015138439245 104.835293123093 104.835293123093 105.015138439245 105.015138439245 107.071733778736 107.071733778736 107.173849043596 107.173849043596 109.027570045865 109.027570045865 110.788473114507 110.788473114507 113.277260018976 113.277260018976 114.581345862676 114.581345862676 115.581345862676 115.581345862676 116.101084435105 116.101084435105 116.581345862676 116.581345862676 118.789219534904 118.789219534904 118.789219534904 118.789219534904 119.581345862676 119.789219534904 119.789219534904 119.789219534904 120.581345862676 120.581345862676 120.974410287291 120.974410287291 121.581345862676 121.581345862676 121.989984248619 121.989984248619 122.989984248619 122.989984248619 123.14267031987 123.14267031987 124.14267031987 124.14267031987 125.14267031987 125.14267031987 127.894932199603 127.894932199603 128.661555870379 128.661555870379 132.578695953439 132.578695953439 133.578695953439 133.578695953439 135.199439840474 135.199439840474 136.199439840474 136.199439840474 136.766635708926 136.766635708926 142.461585057736 142.461585057736 142.461585057736 143.461585057736 144.441796366344 144.441796366344 145.441796366344 145.441796366344 145.441796366344 146.441796366344 149.426162083738 149.426162083738 150.442596366344 150.442596366344 151.442596366344 151.442596366344 152.442596366344 152.442596366344 156.509239405804 156.509239405804 156.509239405804 156.509239405804 156.509239405804 157.238013985854 157.509239405804 157.509239405804 157.509239405804 157.509239405804 158.238013985854 158.238013985854 158.301057987013 158.301057987013 160.415281480638 160.415281480638 162.039816648642 162.039816648642 168.245386093101 168.245386093101 169.170318366025 169.170318366025 170.870834932954 170.870834932954 170.870834932954 170.870834932954 171.870834932954 171.870834932954 171.995814841389 171.995814841389 172.203708811883 172.203708811883 177.314204796103 177.314204796103 179.314204796103 179.314204796103 181.314204796103 181.314204796103 184.085731421388 184.085731421388 185.803166472624 185.803166472624 187.310508060992 187.310508060992 188.194745641807 188.310508060992 191.015151687241 191.015151687241 191.611398711778 191.611398711778 192.124250322482 192.124250322482 192.944089859602 192.944089859602 192.944089859602 193.124250322482 193.611398711778 194.015151687241 194.124250322482 194.124250322482 194.124250322482 194.124250322482 194.611398711778 194.611398711778 195.611398711778 195.611398711778 196.026011133951 196.026011133951 199.531715460787 199.531715460787 199.531715460787","1 0 1 0 1 0 1 0 1 0 1 0 1 0 1 0 1 0 1 0 1 0 1 0 1 0 1 0 1 0 1 2 3 2 3 2 1 0 1 0 1 0 1 0 1 0 1 2 1 2 1 0 1 0 1 0 1 0 1 0 1 0 1 0 1 0 1 2 3 2 3 2 1 0 1 0 1 0 1 0 1 0 1 0 1 0 1 2 1 2 1 0 1 0 1 0 1 0 1 0 1 0 1 0 1 0 1 0 1 0 1 0 1 0 1 2 1 0 1 0 1 0 1 0 1 0 1 0 1 0 1 0 1 0 1 0 1 0 1 0 1 0 1 0 1 0 1 0 1 0 1 0 1 0 1 0 1 0 1 2 3 2 3 2 1 0 1 0 1 0 1 0 1 0 1 0 1 0 1 0 1 0 1 0 1 0 1 0 1 0 1 0 1 0 1 0 1 2 1 0 1 0 1 2 1 0 1 0 1 0 1 0 1 0 1 2 3 4 3 4 3 2 1 0 1 0 1 0 1 0 1 0 1 0 1 0 1 2 3 2 1 0 1 0 1 0 1 0 1 0 1 0 1 0 1 0 1 0 1 0 1 0 1 0 1 0 1 2 3 2 3 4 3 2 1 0 1 0 1 0 1 0 1 2 1"
General-0-20250602-09:10:17-4372,vector,Network.node[0].app,SendedPackets,,,"6.289922719388 8.518415705281 13.064540143037 18.333258936227 30.991843786152 57.908396870145 59.351819844358 61.060159279514 62.077105470559 62.209885454967 64.952281129704 66.712374654228 70.132273999384 74.316496537113 82.689251133312 90.463433253122 96.374427807816 98.014538439245 99.245933257224 136.766635708926 163.100126700454 177.122810358004 185.942347028767 192.124250322482","1 1 1 1 1 1 1 1 1 1 1 1 1 1 1 1 1 1 1 1 1 1 1 1"
General-0-20250602-09:10:17-4372,vector,Network.node[1].net,ResendedPackets,,,"6.396197146052 7.396197146052 8.396197146052 9.518515705281 19.333358936227 20.536947321493 21.536947321493 24.206832542754 28.202675805204 31.067891764857 36.446204427518 38.743165615666 40.938168636265 44.820763482617 45.820763482617 49.522778053408 55.436515300548 55.629026418703 58.906436430662 61.05739889573 61.393825680818 62.393825680818 63.393825680818 65.386068061204 67.712474654228 71.475182675992 71.787060996736 73.150000227551 74.150000227551 76.268629692909 77.504917638723 78.504917638723 89.089558757616 90.089558757616 91.463533253122 92.463533253122 92.553087124769 97.622085152399 99.779058405152 103.173149043596 105.026870045865 109.276560018976 110.580645862676 111.580645862676 112.580645862676 113.580645862676 114.580645862676 115.580645862676 116.580645862676 119.14197031987 119.789319534904 120.674134495421 123.894232199603 128.577995953439 129.577995953439 131.530611958388 134.499756430657 137.766735708926 138.926112605428 143.461685057736 145.425462083738 145.441896366344 146.441896366344 151.106963753331 152.106963753331 154.300357987013 157.509339405804 157.773832175479 164.244686093101 166.403589973786 168.203008811883 171.870934932954 173.388321465012 185.085831421388 187.610698711778 188.310608060992 188.610698711778 189.610698711778 191.19310294346 192.540506342124 193.124350322482 194.124350322482 198.236020495559","1 1 1 1 1 1 1 1 1 1 1 1 1 1 1 1 1 1 1 1 1 1 1 1 1 1 1 1 1 1 1 1 1 1 1 1 1 1 1 1 1 1 1 1 1 1 1 1 1 1 1 1 1 1 1 1 1 1 1 1 1 1 1 1 1 1 1 1 1 1 1 1 1 1 1 1 1 1 1 1 1 1 1"
General-0-20250602-09:10:17-4372,vector,Network.node[1].lnk[1],Buffer Size,,,"6.396197146052 6.396197146052 7.396197146052 7.396197146052 8.396197146052 8.396197146052 8.396197146052 9.396197146052 9.518515705281 9.518515705281 11.396997146052 11.396997146052 13.017229484523 13.017229484523 15.396997146052 15.396997146052 16.661517351191 16.661517351191 19.333358936227 19.333358936227 22.845159725624 22.845159725624 23.845159725624 23.845159725624 24.537747321493 24.537747321493 25.537747321493 25.537747321493 25.934390783447 25.934390783447 31.067891764857 31.067891764857 31.067891764857 31.067891764857 32.067891764857 32.067891764857 32.203475805204 32.203475805204 40.447004427518 40.447004427518 42.743965615666 42.743965615666 44.938968636265 44.938968636265 47.655018253596 47.655018253596 48.738126017096 48.738126017096 49.522778053408 49.522778053408 49.522778053408 49.738126017096 50.495042518779 50.738126017096 50.738126017096 50.738126017096 55.629026418703 55.629026418703 55.629026418703 56.629026418703 59.409454665013 59.409454665013 61.393825680818 61.393825680818 61.393825680818 62.393825680818 62.393825680818 62.393825680818 63.393825680818 63.393825680818 64.134768626367 64.393825680818 66.134768626367 66.134768626367 67.712474654228 67.712474654228 67.712474654228 68.712474654228 71.787060996736 71.787060996736 71.787060996736 72.787060996736 75.475982675992 75.475982675992 78.475982675992 78.475982675992 79.475982675992 79.475982675992 80.672253252414 80.672253252414 81.475982675992 81.475982675992 82.475982675992 82.475982675992 83.475982675992 83.475982675992 85.777776295491 85.777776295491 86.066934450766 86.066934450766 89.17076265111 89.17076265111 91.463533253122 91.463533253122 92.335477072682 92.463533253122 92.463533253122 92.827769219661 93.090358757616 93.463533253122 94.090358757616 94.463533253122 94.463533253122 94.463533253122 97.090358757616 97.090358757616 97.464333253122 97.464333253122 102.015238439245 102.015238439245 104.835393123093 104.835393123093 105.015238439245 105.015238439245 106.787773114507 106.787773114507 107.071833778736 107.173949043596 107.787773114507 107.787773114507 109.027670045865 109.027670045865 113.277360018976 113.277360018976 114.581445862676 114.581445862676 116.101184435105 116.101184435105 116.581445862676 116.581445862676 119.789319534904 119.789319534904 119.789319534904 119.789319534904 119.789319534904 120.581445862676 120.789319534904 120.789319534904 120.789319534904 120.789319534904 120.974510287291 120.974510287291 121.581445862676 121.581445862676 121.990084248619 121.990084248619 122.990084248619 122.990084248619 123.14277031987 123.14277031987 125.14277031987 125.14277031987 127.895032199603 127.895032199603 128.661655870379 128.661655870379 132.578795953439 132.578795953439 133.578795953439 133.578795953439 136.199539840474 136.199539840474 137.766735708926 137.766735708926 143.461685057736 143.461685057736 143.461685057736 144.461685057736 145.441896366344 145.441896366344 145.93598894602 146.441896366344 146.441896366344 146.441896366344 147.441896366344 148.441896366344 149.426262083738 149.426262083738 150.442696366344 150.442696366344 152.442696366344 152.442696366344 157.509339405804 157.509339405804 157.509339405804 157.509339405804 157.509339405804 157.509339405804 158.238113985854 158.301157987013 158.509339405804 158.509339405804 158.509339405804 158.509339405804 158.509339405804 158.509339405804 160.415381480638 160.415381480638 162.039916648642 162.039916648642 168.245486093101 168.245486093101 169.170418366025 169.170418366025 171.870934932954 171.870934932954 171.870934932954 171.870934932954 171.995914841389 172.203808811883 172.870934932954 172.870934932954 172.870934932954 172.870934932954 179.314304796103 179.314304796103 185.085831421388 185.085831421388 185.803266472624 186.085831421388 188.310608060992 188.310608060992 188.310608060992 189.310608060992 191.015251687241 191.015251687241 191.611498711778 191.611498711778 192.025311133951 192.025311133951 193.124350322482 193.124350322482 194.124350322482 194.124350322482 194.124350322482 194.124350322482 194.124350322482 194.611498711778 195.124350322482 195.124350322482 195.124350322482 195.124350322482 195.611498711778 195.611498711778","1 0 1 0 1 2 1 0 1 0 1 0 1 0 1 0 1 0 1 0 1 0 1 0 1 0 1 0 1 0 1 2 3 2 1 0 1 0 1 0 1 0 1 0 1 0 1 0 1 2 3 2 3 2 1 0 1 2 1 0 1 0 1 2 1 0 1 0 1 0 1 0 1 0 1 2 1 0 1 2 1 0 1 0 1 0 1 0 1 0 1 0 1 0 1 0 1 0 1 0 1 0 1 0 1 0 1 2 3 2 3 2 1 0 1 0 1 0 1 0 1 0 1 0 1 0 1 2 1 0 1 0 1 0 1 0 1 0 1 0 1 2 3 4 3 4 3 2 1 0 1 0 1 0 1 0 1 0 1 0 1 0 1 0 1 0 1 0 1 0 1 0 1 0 1 2 1 0 1 0 1 0 1 2 1 0 1 0 1 0 1 0 1 2 3 4 5 4 5 6 5 4 3 2 1 0 1 0 1 0 1 0 1 0 1 2 3 2 3 4 3 2 1 0 1 0 1 0 1 0 1 2 1 0 1 0 1 0 1 0 1 0 1 2 3 4 3 4 3 2 1 0 1 0"
General-0-20250602-09:10:17-4372,vector,Network.node[4].app,SendedPackets,,,"6.839044984754 10.224259719393 21.206532542754 21.844659725624 21.987638844417 25.202375805204 35.742865615666 46.979542515097 55.906136430662 58.05709889573 68.474882675992 84.777276295491 86.089258757616 87.055459576615 96.778758405152 103.834893123093 107.580345862676 109.542284922029 112.429793531486 115.100684435105 116.14167031987 117.673834495421 120.893932199603 120.989584248619 121.704598419294 128.530311958388 154.773532175479 155.237613985854 156.948382122427 165.202708811883 170.388021465012 170.995414841389 189.540206342124 197.468645335931","1 1 1 1 1 1 1 1 1 1 1 1 1 1 1 1 1 1 1 1 1 1 1 1 1 1 1 1 1 1 1 1 1 1"
General-0-20250602-09:10:17-4372,vector,Network.node[4].lnk[1],Buffer Size,,,"6.839044984754 6.839044984754 9.396497146052 9.396497146052 10.224259719393 10.396497146052 10.396497146052 11.396497146052 11.396497146052 12.396497146052 12.518815705281 13.396497146052 14.152848379419 14.396497146052 15.661017351191 15.661017351191 16.661017351191 16.661017351191 21.844659725624 21.844659725624 21.987638844417 22.333658936227 22.844659725624 23.844659725624 24.933890783447 24.933890783447 29.534417971235 29.534417971235 34.068191764857 34.068191764857 46.979542515097 46.979542515097 50.655318253596 50.655318253596 51.738426017096 51.738426017096 52.738426017096 52.738426017096 54.222347445624 54.222347445624 58.629326418703 58.629326418703 62.409754665013 62.409754665013 64.394125680818 64.394125680818 65.394125680818 65.394125680818 66.394125680818 66.394125680818 67.394125680818 67.394125680818 70.712774654228 70.712774654228 74.787360996736 74.787360996736 79.671753252414 79.671753252414 84.777276295491 84.777276295491 89.067234450766 89.067234450766 91.827269219661 91.827269219661 92.827269219661 92.827269219661 94.463833253122 94.463833253122 95.463833253122 95.463833253122 96.463833253122 96.463833253122 97.463833253122 97.463833253122 103.834893123093 103.834893123093 106.071333778736 106.071333778736 109.788073114507 109.788073114507 115.100684435105 115.100684435105 119.974010287291 119.974010287291 120.989584248619 120.989584248619 121.704598419294 121.989584248619 122.789619534904 122.989584248619 127.661155870379 127.661155870379 140.767035708926 140.767035708926 146.461985057736 146.461985057736 148.442196366344 148.442196366344 149.442196366344 149.442196366344 150.442196366344 150.442196366344 151.442196366344 151.442196366344 152.442196366344 152.442196366344 155.237613985854 155.237613985854 155.67069085034 156.237613985854 156.948382122427 157.237613985854 159.414881480638 159.414881480638 160.509639405804 160.509639405804 168.169918366025 168.169918366025 169.169918366025 169.169918366025 170.995414841389 170.995414841389 174.871234932954 174.871234932954 184.802766472624 184.802766472624 187.194345641807 187.194345641807 188.194345641807 188.194345641807 190.014751687241 190.014751687241 191.014751687241 191.014751687241 192.014751687241 192.014751687241 193.014751687241 193.014751687241 195.025611133951 195.025611133951 196.124650322482 196.124650322482 197.124650322482 197.124650322482","1 0 1 0 1 0 1 0 1 0 1 0 1 0 1 0 1 0 1 0 1 2 1 0 1 0 1 0 1 0 1 0 1 0 1 0 1 0 1 0 1 0 1 0 1 0 1 0 1 0 1 0 1 0 1 0 1 0 1 0 1 0 1 0 1 0 1 0 1 0 1 0 1 0 1 0 1 0 1 0 1 0 1 0 1 0 1 0 1 0 1 0 1 0 1 0 1 0 1 0 1 0 1 0 1 0 1 0 1 0 1 0 1 0 1 0 1 0 1 0 1 0 1 0 1 0 1 0 1 0 1 0 1 0 1 0 1 0 1 0 1 0 1 0"
General-0-20250602-09:10:17-4372,vector,Network.node[2].net,ResendedPackets,,,"7.396297146052 8.396297146052 9.396297146052 10.518615705281 14.017329484523 20.333458936227 23.206732542754 27.202575805204 32.067991764857 37.743065615666 43.820663482617 48.655118253596 49.738226017096 50.738226017096 54.436415300548 56.629126418703 57.906336430662 60.05729889573 60.409554665013 62.393925680818 63.393925680818 64.385968061204 64.393925680818 68.712574654228 70.475082675992 72.149900227551 72.787160996736 75.268529692909 87.067034450766 88.089458757616 89.089458757616 90.17086265111 91.552987124769 92.463633253122 93.463633253122 94.463633253122 96.621985152399 98.778958405152 104.026770045865 107.787873114507 109.580545862676 110.580545862676 111.580545862676 112.580545862676 113.580545862676 114.580545862676 118.14187031987 119.674034495421 120.789419534904 122.894132199603 127.577895953439 128.577895953439 130.530511958388 138.766835708926 144.461785057736 146.441996366344 147.441996366344 148.441996366344 153.300257987013 156.773732175479 158.509439405804 167.202908811883 172.388221465012 172.871034932954 186.085931421388 186.642602080664 189.310708060992 190.19300294346 191.540406342124 193.025411133951 194.124450322482 195.124450322482 197.235920495559 199.468845335931","1 1 1 1 1 1 1 1 1 1 1 1 1 1 1 1 1 1 1 1 1 1 1 1 1 1 1 1 1 1 1 1 1 1 1 1 1 1 1 1 1 1 1 1 1 1 1 1 1 1 1 1 1 1 1 1 1 1 1 1 1 1 1 1 1 1 1 1 1 1 1 1 1 1"
General-0-20250602-09:10:17-4372,vector,Network.node[2].lnk[1],Buffer Size,,,"7.396297146052 7.396297146052 8.396297146052 8.396297146052 9.396297146052 9.396297146052 9.396297146052 10.396297146052 10.518615705281 10.518615705281 11.397097146052 11.518615705281 13.660817351191 13.660817351191 14.017329484523 14.660817351191 15.397097146052 15.660817351191 20.333458936227 20.333458936227 22.845259725624 22.845259725624 22.933690783447 22.933690783447 23.845259725624 23.933690783447 32.067991764857 32.067991764857 32.067991764857 32.067991764857 32.203575805204 33.067991764857 33.067991764857 33.067991764857 42.744065615666 42.744065615666 48.655118253596 48.655118253596 49.738226017096 49.738226017096 50.738226017096 50.738226017096 50.738226017096 50.738226017096 51.738226017096 51.738226017096 52.222147445624 52.222147445624 56.629126418703 56.629126418703 60.409554665013 60.409554665013 62.393925680818 62.393925680818 62.393925680818 63.393925680818 63.393925680818 63.393925680818 64.393925680818 64.393925680818 64.393925680818 65.393925680818 66.134868626367 66.134868626367 68.712574654228 68.712574654228 68.712574654228 69.712574654228 72.787160996736 72.787160996736 72.787160996736 73.787160996736 75.476082675992 75.476082675992 77.671553252414 77.671553252414 78.476082675992 78.671553252414 81.476082675992 81.476082675992 85.777876295491 85.777876295491 87.067034450766 87.067034450766 90.17086265111 90.17086265111 92.463633253122 92.463633253122 93.463633253122 93.463633253122 94.463633253122 94.463633253122 94.463633253122 94.463633253122 94.463633253122 95.463633253122 95.463633253122 95.463633253122 97.090458757616 97.090458757616 97.464433253122 97.464433253122 102.015338439245 102.015338439245 104.835493123093 104.835493123093 105.015338439245 105.015338439245 107.787873114507 107.787873114507 107.787873114507 108.787873114507 109.027770045865 109.027770045865 114.581545862676 114.581545862676 116.101284435105 116.101284435105 116.581545862676 116.581545862676 120.789419534904 120.789419534904 120.789419534904 120.789419534904 120.789419534904 120.789419534904 120.974610287291 121.789419534904 121.789419534904 121.789419534904 121.789419534904 121.789419534904 121.990184248619 121.990184248619 122.990184248619 122.990184248619 123.14287031987 123.14287031987 125.14287031987 125.14287031987 125.660955870379 125.660955870379 127.895132199603 127.895132199603 132.578895953439 132.578895953439 133.578895953439 133.578895953439 136.199639840474 136.199639840474 138.766835708926 138.766835708926 144.461785057736 144.461785057736 146.441996366344 146.441996366344 146.752233770484 147.441996366344 147.441996366344 147.648631127662 148.441996366344 148.441996366344 149.441996366344 150.441996366344 153.67049085034 153.67049085034 157.414681480638 157.414681480638 158.509439405804 158.509439405804 158.509439405804 158.509439405804 158.509439405804 159.509439405804 159.509439405804 159.509439405804 162.040016648642 162.040016648642 169.170518366025 169.170518366025 172.871034932954 172.871034932954 172.871034932954 172.871034932954 172.871034932954 173.871034932954 173.871034932954 173.871034932954 179.314404796103 179.314404796103 182.802566472624 182.802566472624 185.194145641807 185.194145641807 186.085931421388 186.194145641807 188.014551687241 188.014551687241 189.310708060992 189.310708060992 193.025411133951 193.025411133951 194.124450322482 194.124450322482 195.124450322482 195.124450322482 195.124450322482 195.124450322482 195.124450322482 195.611598711778 196.124450322482 196.124450322482 196.124450322482 196.124450322482","1 0 1 0 1 2 1 0 1 0 1 0 1 0 1 0 1 0 1 0 1 0 1 0 1 0 1 2 3 2 3 2 1 0 1 0 1 0 1 0 1 2 3 2 1 0 1 0 1 0 1 0 1 2 1 0 1 0 1 2 1 0 1 0 1 2 1 0 1 2 1 0 1 0 1 0 1 0 1 0 1 0 1 0 1 0 1 0 1 0 1 2 3 4 3 2 1 0 1 0 1 0 1 0 1 0 1 0 1 2 1 0 1 0 1 0 1 0 1 0 1 2 3 4 5 4 5 4 3 2 1 0 1 0 1 0 1 0 1 0 1 0 1 0 1 0 1 0 1 0 1 0 1 0 1 0 1 0 1 2 1 2 1 0 1 0 1 0 1 2 3 4 3 2 1 0 1 0 1 0 1 2 3 4 3 2 1 0 1 0 1 0 1 0 1 0 1 0 1 0 1 0 1 0 1 2 3 4 3 4 3 2 1 0"
General-0-20250602-09:10:17-4372,vector,Network.node[3].net,ResendedPackets,,,"8.396397146052 9.396397146052 10.396397146052 11.518715705281 14.660917351191 15.660917351191 21.333558936227 22.206632542754 23.933790783447 26.202475805204 33.068091764857 36.742965615666 49.655218253596 50.738326017096 51.738326017096 53.222247445624 56.906236430662 57.629226418703 59.05719889573 61.409654665013 63.394025680818 64.394025680818 65.394025680818 69.474982675992 69.712674654228 73.787260996736 78.671653252414 87.089358757616 88.067134450766 88.089358757616 91.17096265111 93.463733253122 94.463733253122 95.463733253122 97.778858405152 108.580445862676 108.787973114507 110.542384922029 113.429893531486 117.14177031987 118.673934495421 121.789519534904 121.894032199603 126.661055870379 129.530411958388 139.766935708926 145.461885057736 147.442096366344 148.442096366344 149.442096366344 150.442096366344 151.442096366344 154.67059085034 155.773632175479 158.414781480638 159.509539405804 166.202808811883 171.388121465012 173.871134932954 183.802666472624 186.194245641807 187.194245641807 189.014651687241 190.310808060992 190.540306342124 194.025511133951 195.124550322482 196.124550322482 198.468745335931","1 1 1 1 1 1 1 1 1 1 1 1 1 1 1 1 1 1 1 1 1 1 1 1 1 1 1 1 1 1 1 1 1 1 1 1 1 1 1 1 1 1 1 1 1 1 1 1 1 1 1 1 1 1 1 1 1 1 1 1 1 1 1 1 1 1 1 1 1"
General-0-20250602-09:10:17-4372,vector,Network.node[3].lnk[1],Buffer Size,,,"8.396397146052 8.396397146052 9.396397146052 9.396397146052 10.396397146052 10.396397146052 10.396397146052 11.396397146052 11.518715705281 11.518715705281 11.518715705281 12.518715705281 13.152748379419 13.152748379419 14.660917351191 14.660917351191 15.660917351191 15.660917351191 21.333558936227 21.333558936227 22.845359725624 22.845359725624 23.933790783447 23.933790783447 23.933790783447 24.933790783447 28.534317971235 28.534317971235 33.068091764857 33.068091764857 33.068091764857 33.068091764857 34.068091764857 34.068091764857 42.744165615666 42.744165615666 49.655218253596 49.655218253596 50.738326017096 50.738326017096 51.738326017096 51.738326017096 51.738326017096 52.738326017096 53.222247445624 53.222247445624 57.629226418703 57.629226418703 61.409654665013 61.409654665013 63.394025680818 63.394025680818 64.394025680818 64.394025680818 64.520823487326 65.394025680818 65.394025680818 65.394025680818 66.134968626367 66.394025680818 67.394025680818 67.394025680818 69.712674654228 69.712674654228 73.787260996736 73.787260996736 75.476182675992 75.476182675992 78.671653252414 78.671653252414 85.777976295491 85.777976295491 88.067134450766 88.067134450766 90.827169219661 90.827169219661 91.17096265111 91.827169219661 93.463733253122 93.463733253122 94.463733253122 94.463733253122 94.868439395307 95.463733253122 95.463733253122 95.463733253122 95.463733253122 96.463733253122 97.463733253122 97.463733253122 104.835593123093 104.835593123093 105.015438439245 105.015438439245 105.071233778736 105.071233778736 108.787973114507 108.787973114507 114.581645862676 114.581645862676 116.101384435105 116.101384435105 118.973910287291 118.973910287291 121.789519534904 121.789519534904 121.789519534904 121.789519534904 121.990284248619 122.789519534904 122.789519534904 122.789519534904 122.990284248619 122.990284248619 123.14297031987 123.14297031987 125.14297031987 125.14297031987 126.661055870379 126.661055870379 127.895232199603 127.895232199603 136.199739840474 136.199739840474 139.766935708926 139.766935708926 145.461885057736 145.461885057736 147.442096366344 147.442096366344 148.442096366344 148.442096366344 149.442096366344 149.442096366344 150.442096366344 150.442096366344 151.442096366344 151.442096366344 154.67059085034 154.67059085034 158.414781480638 158.414781480638 159.509539405804 159.509539405804 159.509539405804 159.509539405804 160.509539405804 160.509539405804 162.040116648642 162.040116648642 167.169818366025 167.169818366025 167.860370524953 168.169818366025 173.871134932954 173.871134932954 173.871134932954 173.871134932954 174.871134932954 174.871134932954 179.314504796103 179.314504796103 183.802666472624 183.802666472624 186.194245641807 186.194245641807 187.194245641807 187.194245641807 189.014651687241 189.014651687241 189.225848726906 190.014651687241 190.310808060992 190.33423927052 191.014651687241 192.014651687241 194.025511133951 194.025511133951 195.124550322482 195.124550322482 196.124550322482 196.124550322482","1 0 1 0 1 2 1 0 1 2 1 0 1 0 1 0 1 0 1 0 1 0 1 2 1 0 1 0 1 2 3 2 1 0 1 0 1 0 1 0 1 2 1 0 1 0 1 0 1 0 1 0 1 0 1 0 1 2 3 2 1 0 1 0 1 0 1 0 1 0 1 0 1 0 1 0 1 0 1 0 1 0 1 0 1 2 3 2 1 0 1 0 1 0 1 0 1 0 1 0 1 0 1 0 1 2 3 2 3 2 1 0 1 0 1 0 1 0 1 0 1 0 1 0 1 0 1 0 1 0 1 0 1 0 1 0 1 0 1 0 1 0 1 2 3 2 1 0 1 0 1 0 1 0 1 2 3 2 1 0 1 0 1 0 1 0 1 0 1 0 1 0 1 2 1 0 1 0 1 0 1 0"
General-0-20250602-09:10:17-4372,vector,Network.node[4].net,ResendedPackets,,,"9.396497146052 10.396497146052 11.396497146052 12.518815705281 14.152848379419 15.661017351191 16.661017351191 22.333658936227 24.933890783447 29.534417971235 34.068191764857 50.655318253596 51.738426017096 52.738426017096 54.222347445624 58.629326418703 62.409754665013 64.394125680818 65.394125680818 66.394125680818 67.394125680818 70.712774654228 74.787360996736 79.671753252414 89.067234450766 91.827269219661 92.827269219661 94.463833253122 95.463833253122 96.463833253122 97.463833253122 106.071333778736 109.788073114507 119.974010287291 122.789619534904 127.661155870379 140.767035708926 146.461985057736 148.442196366344 149.442196366344 150.442196366344 151.442196366344 152.442196366344 155.67069085034 159.414881480638 160.509639405804 168.169918366025 169.169918366025 174.871234932954 184.802766472624 187.194345641807 188.194345641807 190.014751687241 191.014751687241 192.014751687241 193.014751687241 195.025611133951 196.124650322482 197.124650322482","1 1 1 1 1 1 1 1 1 1 1 1 1 1 1 1 1 1 1 1 1 1 1 1 1 1 1 1 1 1 1 1 1 1 1 1 1 1 1 1 1 1 1 1 1 1 1 1 1 1 1 1 1 1 1 1 1 1 1"
General-0-20250602-09:10:17-4372,vector,Network.node[1].app,SendedPackets,,,"13.017229484523 24.722707886798 46.773897387529 47.655018253596 48.738126017096 54.133968626367 54.917591750795 59.409454665013 65.291797604298 72.008633445876 78.655095530353 86.066934450766 89.17076265111 92.335477072682 99.376574108848 106.787773114507 111.294240125725 119.156418236458 131.198739840474 145.93598894602 173.176979805937 175.861901304627 188.79319486164 192.025311133951","1 1 1 1 1 1 1 1 1 1 1 1 1 1 1 1 1 1 1 1 1 1 1 1"
General-0-20250602-09:10:17-4372,vector,Network.node[0].lnk[0],Buffer Size,,,"13.064540143037 13.064540143037 21.537047321493 21.537047321493 22.537047321493 22.537047321493 25.206932542754 25.206932542754 26.206932542754 26.206932542754 29.202775805204 29.202775805204 30.991843786152 30.991843786152 37.446304427518 37.446304427518 39.743265615666 39.743265615666 41.938268636265 41.938268636265 45.820863482617 45.820863482617 46.820863482617 46.820863482617 47.820863482617 47.820863482617 55.134068626367 55.134068626367 56.134068626367 56.134068626367 57.134068626367 57.134068626367 57.908396870145 58.134068626367 59.351819844358 59.351819844358 59.906536430662 60.351819844358 62.05749889573 62.05749889573 62.209885454967 63.05749889573 64.952281129704 64.952281129704 66.291897604298 66.291897604298 67.291897604298 67.291897604298 70.132273999384 70.132273999384 72.475282675992 72.475282675992 73.475282675992 73.475282675992 74.316496537113 74.475282675992 74.475282675992 75.475282675992 75.475282675992 76.475282675992 77.268729692909 77.475282675992 78.505017638723 78.505017638723 79.505017638723 79.505017638723 80.505017638723 80.505017638723 82.689251133312 82.689251133312 90.089658757616 90.089658757616 91.089658757616 91.089658757616 93.553187124769 93.553187124769 96.374427807816 96.374427807816 98.014538439245 98.014538439245 98.622185152399 99.014538439245 99.245933257224 100.014538439245 100.376674108848 101.014538439245 101.376674108848 102.014538439245 104.173249043596 104.173249043596 106.026970045865 106.026970045865 110.276660018976 110.276660018976 111.580745862676 111.580745862676 112.580745862676 112.580745862676 113.580745862676 113.580745862676 114.580745862676 114.580745862676 115.580745862676 115.580745862676 116.580745862676 116.580745862676 117.580745862676 117.580745862676 118.580745862676 118.580745862676 120.14207031987 120.14207031987 121.14207031987 121.14207031987 122.14207031987 122.14207031987 124.894332199603 124.894332199603 129.578095953439 129.578095953439 130.578095953439 130.578095953439 132.198839840474 132.198839840474 133.198839840474 133.198839840474 135.499856430657 135.499856430657 139.926212605428 139.926212605428 146.425562083738 146.425562083738 152.107063753331 152.107063753331 153.107063753331 153.107063753331 155.300457987013 155.300457987013 158.773932175479 158.773932175479 163.100126700454 163.100126700454 165.244786093101 165.244786093101 167.403689973786 167.403689973786 169.203108811883 169.203108811883 174.177079805937 174.177079805937 175.177079805937 175.177079805937 176.862001304627 176.862001304627 177.122810358004 177.862001304627 185.942347028767 185.942347028767 188.610798711778 188.610798711778 189.610798711778 189.610798711778 190.610798711778 190.610798711778 191.610798711778 191.610798711778 192.610798711778 192.610798711778 193.610798711778 193.610798711778 199.236120495559 199.236120495559","1 0 1 0 1 0 1 0 1 0 1 0 1 0 1 0 1 0 1 0 1 0 1 0 1 0 1 0 1 0 1 0 1 0 1 0 1 0 1 0 1 0 1 0 1 0 1 0 1 0 1 0 1 0 1 0 1 0 1 0 1 0 1 0 1 0 1 0 1 0 1 0 1 0 1 0 1 0 1 0 1 0 1 0 1 0 1 0 1 0 1 0 1 0 1 0 1 0 1 0 1 0 1 0 1 0 1 0 1 0 1 0 1 0 1 0 1 0 1 0 1 0 1 0 1 0 1 0 1 0 1 0 1 0 1 0 1 0 1 0 1 0 1 0 1 0 1 0 1 0 1 0 1 0 1 0 1 0 1 0 1 0 1 0 1 0 1 0 1 0 1 0"
General-0-20250602-09:10:17-4372,vector,Network.node[3].app,SendedPackets,,,"13.152748379419 17.729926349967 21.222030413078 28.534317971235 42.820563482617 53.436315300548 63.385868061204 64.520823487326 71.149800227551 74.268429692909 90.552887124769 90.827169219661 94.868439395307 95.621885152399 103.026670045865 105.071233778736 109.466824845674 110.678717038697 111.497404907244 118.973910287291 126.577795953439 127.285039380602 152.300157987013 167.169818366025 167.860370524953 185.642502080664 189.19290294346 189.225848726906 190.33423927052 196.235820495559","1 1 1 1 1 1 1 1 1 1 1 1 1 1 1 1 1 1 1 1 1 1 1 1 1 1 1 1 1 1"
General-0-20250602-09:10:17-4372,vector,Network.node[2].app,SendedPackets,,,"13.660817351191 19.536847321493 20.052644809749 22.933690783447 35.446104427518 39.938068636265 44.270574853652 52.222147445624 72.483090791534 76.504817638723 77.236746219149 77.671553252414 102.173049043596 108.276460018976 115.114508537471 125.660955870379 133.499656430657 137.926012605428 144.425362083738 146.752233770484 147.648631127662 150.106863753331 150.991584208308 153.67049085034 157.414681480638 163.244586093101 165.403489973786 182.802566472624 185.194145641807 186.610598711778 186.752785923347 188.014551687241","1 1 1 1 1 1 1 1 1 1 1 1 1 1 1 1 1 1 1 1 1 1 1 1 1 1 1 1 1 1 1 1"
General-0-20250602-09:10:17-4372,vector,Network.node[2].lnk[0],Buffer Size,,,"19.536847321493 19.536847321493 20.052644809749 20.536847321493 23.206732542754 23.206732542754 27.202575805204 27.202575805204 35.446104427518 35.446104427518 37.743065615666 37.743065615666 39.938068636265 39.938068636265 43.820663482617 43.820663482617 44.270574853652 44.820663482617 54.436415300548 54.436415300548 57.906336430662 57.906336430662 60.05729889573 60.05729889573 64.385968061204 64.385968061204 70.475082675992 70.475082675992 72.149900227551 72.149900227551 72.483090791534 73.149900227551 75.268529692909 75.268529692909 76.504817638723 76.504817638723 77.236746219149 77.504817638723 88.089458757616 88.089458757616 89.089458757616 89.089458757616 91.552987124769 91.552987124769 96.621985152399 96.621985152399 98.778958405152 98.778958405152 102.173049043596 102.173049043596 104.026770045865 104.026770045865 108.276460018976 108.276460018976 109.580545862676 109.580545862676 110.580545862676 110.580545862676 111.580545862676 111.580545862676 112.580545862676 112.580545862676 113.580545862676 113.580545862676 114.580545862676 114.580545862676 115.114508537471 115.580545862676 118.14187031987 118.14187031987 119.674034495421 119.674034495421 122.894132199603 122.894132199603 127.577895953439 127.577895953439 128.577895953439 128.577895953439 130.530511958388 130.530511958388 133.499656430657 133.499656430657 137.926012605428 137.926012605428 144.425362083738 144.425362083738 150.106863753331 150.106863753331 150.991584208308 151.106863753331 153.300257987013 153.300257987013 156.773732175479 156.773732175479 163.244586093101 163.244586093101 165.403489973786 165.403489973786 167.202908811883 167.202908811883 172.388221465012 172.388221465012 186.610598711778 186.610598711778 186.642602080664 186.752785923347 187.610598711778 188.610598711778 190.19300294346 190.19300294346 191.540406342124 191.540406342124 197.235920495559 197.235920495559 199.468845335931 199.468845335931","1 0 1 0 1 0 1 0 1 0 1 0 1 0 1 0 1 0 1 0 1 0 1 0 1 0 1 0 1 0 1 0 1 0 1 0 1 0 1 0 1 0 1 0 1 0 1 0 1 0 1 0 1 0 1 0 1 0 1 0 1 0 1 0 1 0 1 0 1 0 1 0 1 0 1 0 1 0 1 0 1 0 1 0 1 0 1 0 1 0 1 0 1 0 1 0 1 0 1 0 1 0 1 0 1 2 1 0 1 0 1 0 1 0 1 0"
General-0-20250602-09:10:17-4372,vector,Network.node[1].lnk[0],Buffer Size,,,"20.536947321493 20.536947321493 21.536947321493 21.536947321493 24.206832542754 24.206832542754 24.722707886798 25.206832542754 28.202675805204 28.202675805204 36.446204427518 36.446204427518 38.743165615666 38.743165615666 40.938168636265 40.938168636265 44.820763482617 44.820763482617 45.820763482617 45.820763482617 46.773897387529 46.820763482617 54.133968626367 54.133968626367 54.917591750795 55.133968626367 55.436515300548 56.133968626367 58.906436430662 58.906436430662 61.05739889573 61.05739889573 65.291797604298 65.291797604298 65.386068061204 66.291797604298 71.475182675992 71.475182675992 72.008633445876 72.475182675992 73.150000227551 73.475182675992 74.150000227551 74.475182675992 76.268629692909 76.268629692909 77.504917638723 77.504917638723 78.504917638723 78.504917638723 78.655095530353 79.504917638723 89.089558757616 89.089558757616 90.089558757616 90.089558757616 92.553087124769 92.553087124769 97.622085152399 97.622085152399 99.376574108848 99.376574108848 99.779058405152 100.376574108848 103.173149043596 103.173149043596 105.026870045865 105.026870045865 109.276560018976 109.276560018976 110.580645862676 110.580645862676 111.294240125725 111.580645862676 111.580645862676 112.580645862676 112.580645862676 113.580645862676 113.580645862676 114.580645862676 114.580645862676 115.580645862676 115.580645862676 116.580645862676 116.580645862676 117.580645862676 119.14197031987 119.14197031987 119.156418236458 120.14197031987 120.674134495421 121.14197031987 123.894232199603 123.894232199603 128.577995953439 128.577995953439 129.577995953439 129.577995953439 131.198739840474 131.198739840474 131.530611958388 132.198739840474 134.499756430657 134.499756430657 138.926112605428 138.926112605428 145.425462083738 145.425462083738 151.106963753331 151.106963753331 152.106963753331 152.106963753331 154.300357987013 154.300357987013 157.773832175479 157.773832175479 164.244686093101 164.244686093101 166.403589973786 166.403589973786 168.203008811883 168.203008811883 173.176979805937 173.176979805937 173.388321465012 174.176979805937 175.861901304627 175.861901304627 187.610698711778 187.610698711778 188.610698711778 188.610698711778 188.79319486164 189.610698711778 189.610698711778 190.610698711778 191.19310294346 191.610698711778 192.540506342124 192.610698711778 198.236020495559 198.236020495559","1 0 1 0 1 0 1 0 1 0 1 0 1 0 1 0 1 0 1 0 1 0 1 0 1 0 1 0 1 0 1 0 1 0 1 0 1 0 1 0 1 0 1 0 1 0 1 0 1 0 1 0 1 0 1 0 1 0 1 0 1 0 1 0 1 0 1 0 1 0 1 0 1 0 1 0 1 0 1 0 1 0 1 0 1 0 1 0 1 0 1 0 1 0 1 0 1 0 1 0 1 0 1 0 1 0 1 0 1 0 1 0 1 0 1 0 1 0 1 0 1 0 1 0 1 0 1 0 1 0 1 0 1 0 1 0 1 0 1 0 1 0"
General-0-20250602-09:10:17-4372,vector,Network.node[4].lnk[0],Buffer Size,,,"21.206532542754 21.206532542754 25.202375805204 25.202375805204 35.742865615666 35.742865615666 55.906136430662 55.906136430662 58.05709889573 58.05709889573 68.474882675992 68.474882675992 86.089258757616 86.089258757616 87.055459576615 87.089258757616 96.778758405152 96.778758405152 107.580345862676 107.580345862676 109.542284922029 109.542284922029 112.429793531486 112.429793531486 116.14167031987 116.14167031987 117.673834495421 117.673834495421 120.893932199603 120.893932199603 128.530311958388 128.530311958388 154.773532175479 154.773532175479 165.202708811883 165.202708811883 170.388021465012 170.388021465012 189.540206342124 189.540206342124 197.468645335931 197.468645335931","1 0 1 0 1 0 1 0 1 0 1 0 1 0 1 0 1 0 1 0 1 0 1 0 1 0 1 0 1 0 1 0 1 0 1 0 1 0 1 0 1 0"
General-0-20250602-09:10:17-4372,vector,Network.node[3].lnk[0],Buffer Size,,,"22.206632542754 22.206632542754 26.202475805204 26.202475805204 36.742965615666 36.742965615666 42.820563482617 42.820563482617 53.436315300548 53.436315300548 56.906236430662 56.906236430662 59.05719889573 59.05719889573 63.385868061204 63.385868061204 69.474982675992 69.474982675992 71.149800227551 71.149800227551 74.268429692909 74.268429692909 87.089358757616 87.089358757616 88.089358757616 88.089358757616 90.552887124769 90.552887124769 95.621885152399 95.621885152399 97.778858405152 97.778858405152 103.026670045865 103.026670045865 108.580445862676 108.580445862676 109.466824845674 109.580445862676 110.542384922029 110.580445862676 110.678717038697 111.497404907244 111.580445862676 112.580445862676 113.429893531486 113.580445862676 117.14177031987 117.14177031987 118.673934495421 118.673934495421 121.894032199603 121.894032199603 126.577795953439 126.577795953439 127.285039380602 127.577795953439 129.530411958388 129.530411958388 152.300157987013 152.300157987013 155.773632175479 155.773632175479 166.202808811883 166.202808811883 171.388121465012 171.388121465012 185.642502080664 185.642502080664 189.19290294346 189.19290294346 190.540306342124 190.540306342124 196.235820495559 196.235820495559 198.468745335931 198.468745335931","1 0 1 0 1 0 1 0 1 0 1 0 1 0 1 0 1 0 1 0 1 0 1 0 1 0 1 0 1 0 1 0 1 0 1 0 1 0 1 0 1 2 1 0 1 0 1 0 1 0 1 0 1 0 1 0 1 0 1 0 1 0 1 0 1 0 1 0 1 0 1 0 1 0 1 0"
